id,name,marca,category,subcategory,coverage_max_dim,coverage_w,coverage_h,pad_top,pad_bottom,pad_left,pad_right,image_url
301,"Pelotas Wilson Padel x3",Wilson,padel,pelotas,0.6754,0.3492,0.6754,0.2708,0.0538,0.3846,0.2662,https://itllufoljyibrrzlwapm.supabase.co/storage/v1/object/sign/images/products/0-1778691399274.webp?token=eyJraWQiOiJzdG9yYWdlLXVybC1zaWduaW5nLWtleV9hMGI4MTEwOC05MjM2LTRmOGQtYWVmMC0xYmFjOWIwMGNmNjAiLCJhbGciOiJIUzI1NiJ9.eyJ1cmwiOiJpbWFnZXMvcHJvZHVjdHMvMC0xNzc4NjkxMzk5Mjc0LndlYnAiLCJpYXQiOjE3Nzg2OTEzOTksImV4cCI6MjA5NDA1MTM5OX0.Py7uMxll-ysg6J--aqrZCKGCJ39TCzbC5ixu1GZqa-0
297,"Blister  Overgrips Wilson Pro Comfort Blanco x12",Wilson,padel,accesorios,0.6760,0.5310,0.6760,0.1420,0.1820,0.2470,0.2220,https://itllufoljyibrrzlwapm.supabase.co/storage/v1/object/sign/images/products/0-1778687074708.jpg?token=eyJraWQiOiJzdG9yYWdlLXVybC1zaWduaW5nLWtleV9hMGI4MTEwOC05MjM2LTRmOGQtYWVmMC0xYmFjOWIwMGNmNjAiLCJhbGciOiJIUzI1NiJ9.eyJ1cmwiOiJpbWFnZXMvcHJvZHVjdHMvMC0xNzc4Njg3MDc0NzA4LmpwZyIsImlhdCI6MTc3ODY4NzA3NSwiZXhwIjoyMDk0MDQ3MDc1fQ.2rCxdZtdNfmbTDlyCiCADubIN_-RyUAwI2lAVb4pMvw
289,"Wilson LS V3",Wilson,padel,palas,0.6763,0.3900,0.6763,0.1600,0.1638,0.3088,0.3013,https://itllufoljyibrrzlwapm.supabase.co/storage/v1/object/sign/images/products/0-1778678180905.webp?token=eyJraWQiOiJzdG9yYWdlLXVybC1zaWduaW5nLWtleV9hMGI4MTEwOC05MjM2LTRmOGQtYWVmMC0xYmFjOWIwMGNmNjAiLCJhbGciOiJIUzI1NiJ9.eyJ1cmwiOiJpbWFnZXMvcHJvZHVjdHMvMC0xNzc4Njc4MTgwOTA1LndlYnAiLCJpYXQiOjE3Nzg2NzgxODEsImV4cCI6MjA5NDAzODE4MX0.ZzJOPWZyowh5aatMzeKXC5cia-4GdBovCV41K0LMpRA
294,"Overgrip Pro Padel x3",Adidas,padel,accesorios,0.7068,0.6750,0.7068,0.0927,0.2005,0.1625,0.1625,https://itllufoljyibrrzlwapm.supabase.co/storage/v1/object/sign/images/products/294-1778685726228.png?token=eyJraWQiOiJzdG9yYWdlLXVybC1zaWduaW5nLWtleV9hMGI4MTEwOC05MjM2LTRmOGQtYWVmMC0xYmFjOWIwMGNmNjAiLCJhbGciOiJIUzI1NiJ9.eyJ1cmwiOiJpbWFnZXMvcHJvZHVjdHMvMjk0LTE3Nzg2ODU3MjYyMjgucG5nIiwiaWF0IjoxNzc4Njg1NzI2LCJleHAiOjIwOTQwNDU3MjZ9.0qAIMC37yWDAohy2S69h9zNdmd4N4f3rFS77LnMkirE
155,"Adidas muñequera",Adidas,padel,accesorios,0.7193,0.7193,0.3260,0.3750,0.2990,0.1413,0.1393,https://itllufoljyibrrzlwapm.supabase.co/storage/v1/object/sign/images/products/0-1753051336103.jpg?token=eyJraWQiOiJzdG9yYWdlLXVybC1zaWduaW5nLWtleV9hMGI4MTEwOC05MjM2LTRmOGQtYWVmMC0xYmFjOWIwMGNmNjAiLCJhbGciOiJIUzI1NiJ9.eyJ1cmwiOiJpbWFnZXMvcHJvZHVjdHMvMC0xNzUzMDUxMzM2MTAzLmpwZyIsImlhdCI6MTc1MzA1MTMzNiwiZXhwIjoyMDY4NDExMzM2fQ.1QSruVzCFHzQk3Yd3QoqvLqT_AyGs-zqUSdq5uV4jJc
276,"Adidas Arrow Hit CTRL 2026",Adidas,padel,palas,0.7800,0.4275,0.7800,0.1062,0.1138,0.2963,0.2762,https://itllufoljyibrrzlwapm.supabase.co/storage/v1/object/sign/images/products/276-1777233920639.webp?token=eyJraWQiOiJzdG9yYWdlLXVybC1zaWduaW5nLWtleV9hMGI4MTEwOC05MjM2LTRmOGQtYWVmMC0xYmFjOWIwMGNmNjAiLCJhbGciOiJIUzI1NiJ9.eyJ1cmwiOiJpbWFnZXMvcHJvZHVjdHMvMjc2LTE3NzcyMzM5MjA2Mzkud2VicCIsImlhdCI6MTc3NzIzMzkyMCwiZXhwIjoyMDkyNTkzOTIwfQ.3yca-xBmP7-KFhealuhlWBorvGJ2Rb-J3taIYxinT5o
153,"Wilson Roland Garros X3 ",Wilson,padel,pelotas,0.7891,0.4688,0.7891,0.0986,0.1123,0.3223,0.2090,https://itllufoljyibrrzlwapm.supabase.co/storage/v1/object/sign/images/products/0-1753051125678.png?token=eyJraWQiOiJzdG9yYWdlLXVybC1zaWduaW5nLWtleV9hMGI4MTEwOC05MjM2LTRmOGQtYWVmMC0xYmFjOWIwMGNmNjAiLCJhbGciOiJIUzI1NiJ9.eyJ1cmwiOiJpbWFnZXMvcHJvZHVjdHMvMC0xNzUzMDUxMTI1Njc4LnBuZyIsImlhdCI6MTc1MzA1MTEyNSwiZXhwIjoyMDY4NDExMTI1fQ.ll81XL47mGDZKmf2rIESM6xnfjXNzbYZsVNZ8NB3u-I
179,"Butterfly Limpiador Clean Care",Butterfly,tenis-mesa,accesorios,0.7950,0.7950,0.5275,0.3267,0.1458,0.1292,0.0758,https://itllufoljyibrrzlwapm.supabase.co/storage/v1/object/sign/images/products/0-1753055209136.jpg?token=eyJraWQiOiJzdG9yYWdlLXVybC1zaWduaW5nLWtleV9hMGI4MTEwOC05MjM2LTRmOGQtYWVmMC0xYmFjOWIwMGNmNjAiLCJhbGciOiJIUzI1NiJ9.eyJ1cmwiOiJpbWFnZXMvcHJvZHVjdHMvMC0xNzUzMDU1MjA5MTM2LmpwZyIsImlhdCI6MTc1MzA1NTIwOSwiZXhwIjoyMDY4NDE1MjA5fQ.KnzegsDcWboKQ5Ww-xcHxF9_cuc_4R4RttPrbnaNcXg
170,"Butterfly Muñequera",Butterfly,tenis-mesa,ropa,0.8000,0.8000,0.3455,0.3255,0.3291,0.1000,0.1000,https://itllufoljyibrrzlwapm.supabase.co/storage/v1/object/sign/images/products/0-1753053964083.jpg?token=eyJraWQiOiJzdG9yYWdlLXVybC1zaWduaW5nLWtleV9hMGI4MTEwOC05MjM2LTRmOGQtYWVmMC0xYmFjOWIwMGNmNjAiLCJhbGciOiJIUzI1NiJ9.eyJ1cmwiOiJpbWFnZXMvcHJvZHVjdHMvMC0xNzUzMDUzOTY0MDgzLmpwZyIsImlhdCI6MTc1MzA1Mzk2NCwiZXhwIjoyMDY4NDEzOTY0fQ.3SYuI5A-mlacEzykkLmndTONA1O4P6wRc6pVTkF-KCU
291,"Wilson Endure V1 2026",,padel,palas,0.8033,0.3438,0.8033,0.0917,0.1050,0.3325,0.3237,https://itllufoljyibrrzlwapm.supabase.co/storage/v1/object/sign/images/products/0-1778678422031.jpg?token=eyJraWQiOiJzdG9yYWdlLXVybC1zaWduaW5nLWtleV9hMGI4MTEwOC05MjM2LTRmOGQtYWVmMC0xYmFjOWIwMGNmNjAiLCJhbGciOiJIUzI1NiJ9.eyJ1cmwiOiJpbWFnZXMvcHJvZHVjdHMvMC0xNzc4Njc4NDIyMDMxLmpwZyIsImlhdCI6MTc3ODY3ODQyMiwiZXhwIjoyMDk0MDM4NDIyfQ.CMsn_oneCi6vIA2zJ9OJhUOA4ENdvI18B49N_O6VEzw
292,"Wilson Endure LS 2026",Wilson,padel,palas,0.8033,0.3425,0.8033,0.0917,0.1050,0.3312,0.3262,https://itllufoljyibrrzlwapm.supabase.co/storage/v1/object/sign/images/products/0-1778678588657.jpg?token=eyJraWQiOiJzdG9yYWdlLXVybC1zaWduaW5nLWtleV9hMGI4MTEwOC05MjM2LTRmOGQtYWVmMC0xYmFjOWIwMGNmNjAiLCJhbGciOiJIUzI1NiJ9.eyJ1cmwiOiJpbWFnZXMvcHJvZHVjdHMvMC0xNzc4Njc4NTg4NjU3LmpwZyIsImlhdCI6MTc3ODY3ODU4OSwiZXhwIjoyMDk0MDM4NTg5fQ.ms4H25iLMzuQiCOyt8WyjzvNf3hT-Ib6WnrHutf9ja8
117,"Butterfly Petr Korbel",Butterfly,tenis-mesa,paletas,0.8060,0.7460,0.8060,0.0940,0.1000,0.1260,0.1280,https://itllufoljyibrrzlwapm.supabase.co/storage/v1/object/sign/images/products/0-1750781775200.webp?token=eyJraWQiOiJzdG9yYWdlLXVybC1zaWduaW5nLWtleV9hMGI4MTEwOC05MjM2LTRmOGQtYWVmMC0xYmFjOWIwMGNmNjAiLCJhbGciOiJIUzI1NiJ9.eyJ1cmwiOiJpbWFnZXMvcHJvZHVjdHMvMC0xNzUwNzgxNzc1MjAwLndlYnAiLCJpYXQiOjE3NTA3ODE3NzYsImV4cCI6MjA2NjE0MTc3Nn0.ChspTUoGhZok4Bdi8Ouft3mvt5JIBaaDDPEjrlUMwAc
184,"Butterfly Pelotas 3 Estrellas X6 Unidades",Butterfly,tenis-mesa,pelotas,0.8060,0.4220,0.8060,0.0940,0.1000,0.2660,0.3120,https://itllufoljyibrrzlwapm.supabase.co/storage/v1/object/sign/images/products/0-1753055964261.jpg?token=eyJraWQiOiJzdG9yYWdlLXVybC1zaWduaW5nLWtleV9hMGI4MTEwOC05MjM2LTRmOGQtYWVmMC0xYmFjOWIwMGNmNjAiLCJhbGciOiJIUzI1NiJ9.eyJ1cmwiOiJpbWFnZXMvcHJvZHVjdHMvMC0xNzUzMDU1OTY0MjYxLmpwZyIsImlhdCI6MTc1MzA1NTk2NCwiZXhwIjoyMDY4NDE1OTY0fQ.ZaskzgCGjE4XEpNrM4fejbrCLgcqhwZxgOugdEeMSJQ
288,"Wilson Bela LT V2.5",Wilson,padel,palas,0.8243,0.4729,0.8243,0.0857,0.0900,0.2686,0.2586,https://itllufoljyibrrzlwapm.supabase.co/storage/v1/object/sign/images/products/0-1778677667167.webp?token=eyJraWQiOiJzdG9yYWdlLXVybC1zaWduaW5nLWtleV9hMGI4MTEwOC05MjM2LTRmOGQtYWVmMC0xYmFjOWIwMGNmNjAiLCJhbGciOiJIUzI1NiJ9.eyJ1cmwiOiJpbWFnZXMvcHJvZHVjdHMvMC0xNzc4Njc3NjY3MTY3LndlYnAiLCJpYXQiOjE3Nzg2Nzc2NjcsImV4cCI6MjA5NDAzNzY2N30.UCrGew2limuWJdEhwXxBJw2wbfOiwpLSZHecMFwSk4Q
225,"Wilson Super Tour Bag Red",Wilson,padel,bolsos,0.8308,0.8308,0.4858,0.3150,0.1992,0.0858,0.0833,https://itllufoljyibrrzlwapm.supabase.co/storage/v1/object/sign/images/products/0-1757717966862.jpg?token=eyJraWQiOiJzdG9yYWdlLXVybC1zaWduaW5nLWtleV9hMGI4MTEwOC05MjM2LTRmOGQtYWVmMC0xYmFjOWIwMGNmNjAiLCJhbGciOiJIUzI1NiJ9.eyJ1cmwiOiJpbWFnZXMvcHJvZHVjdHMvMC0xNzU3NzE3OTY2ODYyLmpwZyIsImlhdCI6MTc1NzcxNzk2NywiZXhwIjoyMDczMDc3OTY3fQ.zM0gqCFKQ82fhToDLH8aGmSQI5LdgZSDkGZ81xDERfQ
215,"Wilson Defy Pro V1",Wilson,padel,palas,0.8337,0.4775,0.8337,0.0762,0.0900,0.2612,0.2612,https://itllufoljyibrrzlwapm.supabase.co/storage/v1/object/sign/images/products/215-1777232503495.webp?token=eyJraWQiOiJzdG9yYWdlLXVybC1zaWduaW5nLWtleV9hMGI4MTEwOC05MjM2LTRmOGQtYWVmMC0xYmFjOWIwMGNmNjAiLCJhbGciOiJIUzI1NiJ9.eyJ1cmwiOiJpbWFnZXMvcHJvZHVjdHMvMjE1LTE3NzcyMzI1MDM0OTUud2VicCIsImlhdCI6MTc3NzIzMjUwMywiZXhwIjoyMDkyNTkyNTAzfQ.IbPyGts_cx5XReVnKMM8ULOrl_4-M8gpG6uNY11Le9o
216,"Wilson Bela V3",Wilson,padel,palas,0.8343,0.4743,0.8343,0.0757,0.0900,0.2614,0.2643,https://itllufoljyibrrzlwapm.supabase.co/storage/v1/object/sign/images/products/0-1757384637761.webp?token=eyJraWQiOiJzdG9yYWdlLXVybC1zaWduaW5nLWtleV9hMGI4MTEwOC05MjM2LTRmOGQtYWVmMC0xYmFjOWIwMGNmNjAiLCJhbGciOiJIUzI1NiJ9.eyJ1cmwiOiJpbWFnZXMvcHJvZHVjdHMvMC0xNzU3Mzg0NjM3NzYxLndlYnAiLCJpYXQiOjE3NTczODQ2MzgsImV4cCI6MjA3Mjc0NDYzOH0.hAC14vOi0mmlUtnBkoGfEs5fLbogy_d9s_IvqmjjPeQ
103,"Wilson Blade Team Pádel v2",Adidas,padel,bolsos,0.8350,0.4750,0.8350,0.0750,0.0900,0.2650,0.2600,https://itllufoljyibrrzlwapm.supabase.co/storage/v1/object/sign/images/products/0-1750728711203.webp?token=eyJraWQiOiJzdG9yYWdlLXVybC1zaWduaW5nLWtleV9hMGI4MTEwOC05MjM2LTRmOGQtYWVmMC0xYmFjOWIwMGNmNjAiLCJhbGciOiJIUzI1NiJ9.eyJ1cmwiOiJpbWFnZXMvcHJvZHVjdHMvMC0xNzUwNzI4NzExMjAzLndlYnAiLCJpYXQiOjE3NTA3Mjg3MTEsImV4cCI6MjA2NjA4ODcxMX0.HM8VIekSbii_hjR26fxOSo5Oq5GCkTtc27gFh_bJVEo
213,"Wilson Bela Pro V3 ",Wilson,padel,palas,0.8350,0.4775,0.8350,0.0758,0.0892,0.2592,0.2633,https://itllufoljyibrrzlwapm.supabase.co/storage/v1/object/sign/images/products/0-1757384424638.webp?token=eyJraWQiOiJzdG9yYWdlLXVybC1zaWduaW5nLWtleV9hMGI4MTEwOC05MjM2LTRmOGQtYWVmMC0xYmFjOWIwMGNmNjAiLCJhbGciOiJIUzI1NiJ9.eyJ1cmwiOiJpbWFnZXMvcHJvZHVjdHMvMC0xNzU3Mzg0NDI0NjM4LndlYnAiLCJpYXQiOjE3NTczODQ0MjUsImV4cCI6MjA3Mjc0NDQyNX0.Z1QJSyZRvFmbIgl2r1lqIR8kVLyIRscBwH7zo6gqjTc
290,"Wilson Endure Pro V1 2026",Wilson,padel,palas,0.8352,0.4565,0.8352,0.0750,0.0898,0.3167,0.2269,https://itllufoljyibrrzlwapm.supabase.co/storage/v1/object/sign/images/products/0-1778678349852.jpg?token=eyJraWQiOiJzdG9yYWdlLXVybC1zaWduaW5nLWtleV9hMGI4MTEwOC05MjM2LTRmOGQtYWVmMC0xYmFjOWIwMGNmNjAiLCJhbGciOiJIUzI1NiJ9.eyJ1cmwiOiJpbWFnZXMvcHJvZHVjdHMvMC0xNzc4Njc4MzQ5ODUyLmpwZyIsImlhdCI6MTc3ODY3ODM1MCwiZXhwIjoyMDk0MDM4MzUwfQ.gTT5nEZ_eFrEe1z8TefVeZfW3BcsyOzykRsSS54-_pI
107,"Wilson Blade Pro V3",Wilson,padel,palas,0.8358,0.4775,0.8358,0.0742,0.0900,0.2617,0.2608,https://itllufoljyibrrzlwapm.supabase.co/storage/v1/object/sign/images/products/0-1750729270634.webp?token=eyJraWQiOiJzdG9yYWdlLXVybC1zaWduaW5nLWtleV9hMGI4MTEwOC05MjM2LTRmOGQtYWVmMC0xYmFjOWIwMGNmNjAiLCJhbGciOiJIUzI1NiJ9.eyJ1cmwiOiJpbWFnZXMvcHJvZHVjdHMvMC0xNzUwNzI5MjcwNjM0LndlYnAiLCJpYXQiOjE3NTA3MjkyNzAsImV4cCI6MjA2NjA4OTI3MH0.xQ3q6upeQoonyqgEOnl6lh3_t-HcJUwACuYxb-KFQOc
214,"Wilson Defy V1",Wilson,padel,palas,0.8358,0.4767,0.8358,0.0758,0.0883,0.2600,0.2633,https://itllufoljyibrrzlwapm.supabase.co/storage/v1/object/sign/images/products/0-1757384515189.webp?token=eyJraWQiOiJzdG9yYWdlLXVybC1zaWduaW5nLWtleV9hMGI4MTEwOC05MjM2LTRmOGQtYWVmMC0xYmFjOWIwMGNmNjAiLCJhbGciOiJIUzI1NiJ9.eyJ1cmwiOiJpbWFnZXMvcHJvZHVjdHMvMC0xNzU3Mzg0NTE1MTg5LndlYnAiLCJpYXQiOjE3NTczODQ1MTUsImV4cCI6MjA3Mjc0NDUxNX0.Y4VQeLIzLUyLttQrWmzCnCU6JWYamCTdeAv5ZJi4F5k
217,"Wilson Blade V3",Wilson,padel,palas,0.8358,0.4775,0.8358,0.0742,0.0900,0.2617,0.2608,https://itllufoljyibrrzlwapm.supabase.co/storage/v1/object/sign/images/products/0-1757384776286.webp?token=eyJraWQiOiJzdG9yYWdlLXVybC1zaWduaW5nLWtleV9hMGI4MTEwOC05MjM2LTRmOGQtYWVmMC0xYmFjOWIwMGNmNjAiLCJhbGciOiJIUzI1NiJ9.eyJ1cmwiOiJpbWFnZXMvcHJvZHVjdHMvMC0xNzU3Mzg0Nzc2Mjg2LndlYnAiLCJpYXQiOjE3NTczODQ3NzYsImV4cCI6MjA3Mjc0NDc3Nn0.4LcGXZNT1c6r4JVT_vnffiiFpyHoH2uDwgsq5hnrvlA
136,"Adidas Balls Speed RX",Adidas,padel,pelotas,0.8375,0.5500,0.8375,0.0825,0.0800,0.2250,0.2250,https://itllufoljyibrrzlwapm.supabase.co/storage/v1/object/sign/images/products/0-1751247242590.jpg?token=eyJraWQiOiJzdG9yYWdlLXVybC1zaWduaW5nLWtleV9hMGI4MTEwOC05MjM2LTRmOGQtYWVmMC0xYmFjOWIwMGNmNjAiLCJhbGciOiJIUzI1NiJ9.eyJ1cmwiOiJpbWFnZXMvcHJvZHVjdHMvMC0xNzUxMjQ3MjQyNTkwLmpwZyIsImlhdCI6MTc1MTI0NzI0MywiZXhwIjoyMDY2NjA3MjQzfQ.qMrsjicP9ccaWSuZZRlNHi5qjP9Ml7cvwtGJNCJQCzc
143,"Wilson Premier Pádel Speed X3 ",Wilson,padel,pelotas,0.8455,0.2947,0.8455,0.0971,0.0574,0.3576,0.3477,https://itllufoljyibrrzlwapm.supabase.co/storage/v1/object/sign/images/products/0-1751251929410.webp?token=eyJraWQiOiJzdG9yYWdlLXVybC1zaWduaW5nLWtleV9hMGI4MTEwOC05MjM2LTRmOGQtYWVmMC0xYmFjOWIwMGNmNjAiLCJhbGciOiJIUzI1NiJ9.eyJ1cmwiOiJpbWFnZXMvcHJvZHVjdHMvMC0xNzUxMjUxOTI5NDEwLndlYnAiLCJpYXQiOjE3NTEyNTE5MjksImV4cCI6MjA2NjYxMTkyOX0.rG1EThZ0tTymOT9AE6oJ1xCTw4k4khUDetJGRQsIg4U
168,"Butterfly Estuche Logo Individual",Butterfly,tenis-mesa,accesorios,0.8491,0.8491,0.8175,0.0912,0.0912,0.1509,0.0000,https://itllufoljyibrrzlwapm.supabase.co/storage/v1/object/sign/images/products/0-1753053776732.png?token=eyJraWQiOiJzdG9yYWdlLXVybC1zaWduaW5nLWtleV9hMGI4MTEwOC05MjM2LTRmOGQtYWVmMC0xYmFjOWIwMGNmNjAiLCJhbGciOiJIUzI1NiJ9.eyJ1cmwiOiJpbWFnZXMvcHJvZHVjdHMvMC0xNzUzMDUzNzc2NzMyLnBuZyIsImlhdCI6MTc1MzA1Mzc3NywiZXhwIjoyMDY4NDEzNzc3fQ.4kqIwCCDFU-P5HtwVZxq1Etx2PAkaT09BAjtw2fYsPw
224,"Adidas Weekend Bag Offwhite 3.4",Adidas,padel,bolsos,0.8500,0.8500,0.7675,0.1133,0.1192,0.0750,0.0750,https://itllufoljyibrrzlwapm.supabase.co/storage/v1/object/sign/images/products/0-1757717219810.jpg?token=eyJraWQiOiJzdG9yYWdlLXVybC1zaWduaW5nLWtleV9hMGI4MTEwOC05MjM2LTRmOGQtYWVmMC0xYmFjOWIwMGNmNjAiLCJhbGciOiJIUzI1NiJ9.eyJ1cmwiOiJpbWFnZXMvcHJvZHVjdHMvMC0xNzU3NzE3MjE5ODEwLmpwZyIsImlhdCI6MTc1NzcxNzIyMCwiZXhwIjoyMDczMDc3MjIwfQ.Y4MVxwJyg1-8pw5wj8uJffyoENsSUBUqgxeVkc7ZE2g
219,"Adidas Caramelera Grip Perforado X45 Blanco",Adidas,padel,accesorios,0.8525,0.8525,0.8096,0.1094,0.0811,0.0801,0.0674,https://itllufoljyibrrzlwapm.supabase.co/storage/v1/object/sign/images/products/0-1757385326639.jpg?token=eyJraWQiOiJzdG9yYWdlLXVybC1zaWduaW5nLWtleV9hMGI4MTEwOC05MjM2LTRmOGQtYWVmMC0xYmFjOWIwMGNmNjAiLCJhbGciOiJIUzI1NiJ9.eyJ1cmwiOiJpbWFnZXMvcHJvZHVjdHMvMC0xNzU3Mzg1MzI2NjM5LmpwZyIsImlhdCI6MTc1NzM4NTMyNiwiZXhwIjoyMDcyNzQ1MzI2fQ.UKj6y_8U7SNKe0l_DBFlbFacvkM8a25Uw-uTyXbyRzw
227,"Wilson Bela Small Duffel Red",Wilson,padel,bolsos,0.8533,0.8533,0.7378,0.1333,0.1289,0.0711,0.0756,https://itllufoljyibrrzlwapm.supabase.co/storage/v1/object/sign/images/products/0-1757718185924.jpg?token=eyJraWQiOiJzdG9yYWdlLXVybC1zaWduaW5nLWtleV9hMGI4MTEwOC05MjM2LTRmOGQtYWVmMC0xYmFjOWIwMGNmNjAiLCJhbGciOiJIUzI1NiJ9.eyJ1cmwiOiJpbWFnZXMvcHJvZHVjdHMvMC0xNzU3NzE4MTg1OTI0LmpwZyIsImlhdCI6MTc1NzcxODE4NiwiZXhwIjoyMDczMDc4MTg2fQ.HLtFj1jGP66tWgPHMVrs2KsICFOowx5Sa5NodH800rw
251,"Adidas Racket Bag Protour 3.4 Color Blanco",Adidas,padel,bolsos,0.8550,0.6733,0.8550,0.0692,0.0758,0.1633,0.1633,https://itllufoljyibrrzlwapm.supabase.co/storage/v1/object/sign/images/products/0-1765213892683.jpg?token=eyJraWQiOiJzdG9yYWdlLXVybC1zaWduaW5nLWtleV9hMGI4MTEwOC05MjM2LTRmOGQtYWVmMC0xYmFjOWIwMGNmNjAiLCJhbGciOiJIUzI1NiJ9.eyJ1cmwiOiJpbWFnZXMvcHJvZHVjdHMvMC0xNzY1MjEzODkyNjgzLmpwZyIsImlhdCI6MTc2NTIxMzg5MywiZXhwIjoyMDgwNTczODkzfQ.May1w597RMm5Nuj52gWyGBFr_MdhZw8FYY9GxSK4QPQ
298,"Blister Overgrips Wilson Pro Comfort Blanco x30",Wilson,padel,accesorios,0.8672,0.4814,0.8672,0.0664,0.0664,0.2588,0.2598,https://itllufoljyibrrzlwapm.supabase.co/storage/v1/object/sign/images/products/0-1778687294106.webp?token=eyJraWQiOiJzdG9yYWdlLXVybC1zaWduaW5nLWtleV9hMGI4MTEwOC05MjM2LTRmOGQtYWVmMC0xYmFjOWIwMGNmNjAiLCJhbGciOiJIUzI1NiJ9.eyJ1cmwiOiJpbWFnZXMvcHJvZHVjdHMvMC0xNzc4Njg3Mjk0MTA2LndlYnAiLCJpYXQiOjE3Nzg2ODcyOTUsImV4cCI6MjA5NDA0NzI5NX0.sDJpayUMVlMyi9sgLWHNYWikPEOetYcjZLQYq2glY5s
137,"Adidas Overgrip X3 Blanco",Adidas,padel,accesorios,0.8740,0.8740,0.8124,0.1130,0.0746,0.0615,0.0645,https://itllufoljyibrrzlwapm.supabase.co/storage/v1/object/sign/images/products/0-1751247839566.jpg?token=eyJraWQiOiJzdG9yYWdlLXVybC1zaWduaW5nLWtleV9hMGI4MTEwOC05MjM2LTRmOGQtYWVmMC0xYmFjOWIwMGNmNjAiLCJhbGciOiJIUzI1NiJ9.eyJ1cmwiOiJpbWFnZXMvcHJvZHVjdHMvMC0xNzUxMjQ3ODM5NTY2LmpwZyIsImlhdCI6MTc1MTI0Nzg0MCwiZXhwIjoyMDY2NjA3ODQwfQ.m7UxJxqeFc65b_ufds6xmw626cvZoxtQQoTsXt1xX2U
165,"Butterfly Bugller",Butterfly,tenis-mesa,gomas,0.8775,0.8342,0.8775,0.0700,0.0525,0.0975,0.0683,https://itllufoljyibrrzlwapm.supabase.co/storage/v1/object/sign/images/products/0-1753053392540.jpg?token=eyJraWQiOiJzdG9yYWdlLXVybC1zaWduaW5nLWtleV9hMGI4MTEwOC05MjM2LTRmOGQtYWVmMC0xYmFjOWIwMGNmNjAiLCJhbGciOiJIUzI1NiJ9.eyJ1cmwiOiJpbWFnZXMvcHJvZHVjdHMvMC0xNzUzMDUzMzkyNTQwLmpwZyIsImlhdCI6MTc1MzA1MzM5MywiZXhwIjoyMDY4NDEzMzkzfQ.r52IKORixSd96NOxD3dE54MPF-q8FXE2wcHneDMqy8Y
300,"Wilson Bela Small Duffel Negro",Wilson,padel,bolsos,0.8797,0.8797,0.8608,0.0633,0.0759,0.0591,0.0612,https://itllufoljyibrrzlwapm.supabase.co/storage/v1/object/sign/images/products/0-1778690620661.webp?token=eyJraWQiOiJzdG9yYWdlLXVybC1zaWduaW5nLWtleV9hMGI4MTEwOC05MjM2LTRmOGQtYWVmMC0xYmFjOWIwMGNmNjAiLCJhbGciOiJIUzI1NiJ9.eyJ1cmwiOiJpbWFnZXMvcHJvZHVjdHMvMC0xNzc4NjkwNjIwNjYxLndlYnAiLCJpYXQiOjE3Nzg2OTA2MjAsImV4cCI6MjA5NDA1MDYyMH0.RHtxu1sk0Ztj2qD1vvLcMeVzh4VV7TqD0rzX_EbbFEM
158,"Butterfly Glayzer 09C",Butterfly,tenis-mesa,gomas,0.8800,0.8350,0.8800,0.0717,0.0483,0.0983,0.0667,https://itllufoljyibrrzlwapm.supabase.co/storage/v1/object/sign/images/products/0-1753052764273.jpg?token=eyJraWQiOiJzdG9yYWdlLXVybC1zaWduaW5nLWtleV9hMGI4MTEwOC05MjM2LTRmOGQtYWVmMC0xYmFjOWIwMGNmNjAiLCJhbGciOiJIUzI1NiJ9.eyJ1cmwiOiJpbWFnZXMvcHJvZHVjdHMvMC0xNzUzMDUyNzY0MjczLmpwZyIsImlhdCI6MTc1MzA1Mjc2NCwiZXhwIjoyMDY4NDEyNzY0fQ.9AWEM-noGCIepprqoKMGZUPV058EkkBgOvtmb2fCy-0
226,"Wilson Super Tour Bag Black",Wilson,padel,bolsos,0.8856,0.8856,0.6044,0.2411,0.1544,0.0578,0.0567,https://itllufoljyibrrzlwapm.supabase.co/storage/v1/object/sign/images/products/0-1757718095500.webp?token=eyJraWQiOiJzdG9yYWdlLXVybC1zaWduaW5nLWtleV9hMGI4MTEwOC05MjM2LTRmOGQtYWVmMC0xYmFjOWIwMGNmNjAiLCJhbGciOiJIUzI1NiJ9.eyJ1cmwiOiJpbWFnZXMvcHJvZHVjdHMvMC0xNzU3NzE4MDk1NTAwLndlYnAiLCJpYXQiOjE3NTc3MTgwOTUsImV4cCI6MjA3MzA3ODA5NX0.EDEDnAEg4cYNIF5cnFsHyStOrMBoKhVM3QOpk_M-eWg
299,"Wilson Ultra Wrap Overgrip x3",Wilson,padel,accesorios,0.8878,0.8317,0.8878,0.0459,0.0663,0.0750,0.0933,https://itllufoljyibrrzlwapm.supabase.co/storage/v1/object/sign/images/products/0-1778687529029.png?token=eyJraWQiOiJzdG9yYWdlLXVybC1zaWduaW5nLWtleV9hMGI4MTEwOC05MjM2LTRmOGQtYWVmMC0xYmFjOWIwMGNmNjAiLCJhbGciOiJIUzI1NiJ9.eyJ1cmwiOiJpbWFnZXMvcHJvZHVjdHMvMC0xNzc4Njg3NTI5MDI5LnBuZyIsImlhdCI6MTc3ODY4NzUyOSwiZXhwIjoyMDk0MDQ3NTI5fQ.u0ODEYYML0py1__i59pp53mW1Th8Wj4BO-xCD2QH6i8
253,"Adidas Racket Bag Tour 3.4 Color Azul",Adidas,padel,bolsos,0.8917,0.6325,0.8917,0.0542,0.0542,0.1733,0.1942,https://itllufoljyibrrzlwapm.supabase.co/storage/v1/object/sign/images/products/0-1765214054498.jpg?token=eyJraWQiOiJzdG9yYWdlLXVybC1zaWduaW5nLWtleV9hMGI4MTEwOC05MjM2LTRmOGQtYWVmMC0xYmFjOWIwMGNmNjAiLCJhbGciOiJIUzI1NiJ9.eyJ1cmwiOiJpbWFnZXMvcHJvZHVjdHMvMC0xNzY1MjE0MDU0NDk4LmpwZyIsImlhdCI6MTc2NTIxNDA1NCwiZXhwIjoyMDgwNTc0MDU0fQ.cyInmMdvysv5m5xatImPh6bwvEsEuuhGV4jrcOXZ8Vk
199,"Adidas Metalbone CTRL 3.4",Adidas,padel,palas,0.8950,0.5750,0.8950,0.0500,0.0550,0.1825,0.2425,https://itllufoljyibrrzlwapm.supabase.co/storage/v1/object/sign/images/products/0-1757352558524.jpg?token=eyJraWQiOiJzdG9yYWdlLXVybC1zaWduaW5nLWtleV9hMGI4MTEwOC05MjM2LTRmOGQtYWVmMC0xYmFjOWIwMGNmNjAiLCJhbGciOiJIUzI1NiJ9.eyJ1cmwiOiJpbWFnZXMvcHJvZHVjdHMvMC0xNzU3MzUyNTU4NTI0LmpwZyIsImlhdCI6MTc1NzM1MjU1OSwiZXhwIjoyMDcyNzEyNTU5fQ.ij8BGujEBXnM4iVEgXbzkR5I8y0iNcAYoHwGsDJfRco
223,"Adidas Backpack Multigame Black/Orange 3.3",Adidas,padel,palas,0.8958,0.7533,0.8958,0.0492,0.0550,0.1067,0.1400,https://itllufoljyibrrzlwapm.supabase.co/storage/v1/object/sign/images/products/0-1757717142317.jpg?token=eyJraWQiOiJzdG9yYWdlLXVybC1zaWduaW5nLWtleV9hMGI4MTEwOC05MjM2LTRmOGQtYWVmMC0xYmFjOWIwMGNmNjAiLCJhbGciOiJIUzI1NiJ9.eyJ1cmwiOiJpbWFnZXMvcHJvZHVjdHMvMC0xNzU3NzE3MTQyMzE3LmpwZyIsImlhdCI6MTc1NzcxNzE0MiwiZXhwIjoyMDczMDc3MTQyfQ.UYKY0ZUYiwyC0kmpbZllpNU_yqOdxc-_F8pdy7Hx9c4
157,"Butterfly Glayzer ",Butterfly,tenis-mesa,gomas,0.8960,0.8500,0.8960,0.0500,0.0540,0.0720,0.0780,https://itllufoljyibrrzlwapm.supabase.co/storage/v1/object/sign/images/products/0-1753052692103.webp?token=eyJraWQiOiJzdG9yYWdlLXVybC1zaWduaW5nLWtleV9hMGI4MTEwOC05MjM2LTRmOGQtYWVmMC0xYmFjOWIwMGNmNjAiLCJhbGciOiJIUzI1NiJ9.eyJ1cmwiOiJpbWFnZXMvcHJvZHVjdHMvMC0xNzUzMDUyNjkyMTAzLndlYnAiLCJpYXQiOjE3NTMwNTI2OTIsImV4cCI6MjA2ODQxMjY5Mn0.Lu_0tlGIyUsRwhrKOvXDhmE1tpdXfOaV7Qsp7-8YDco
262,"Adidas Racket Bag ProTour 3.4 Color Amarillo",Adidas,padel,bolsos,0.8967,0.6767,0.8967,0.0525,0.0508,0.1625,0.1608,https://itllufoljyibrrzlwapm.supabase.co/storage/v1/object/sign/images/products/0-1765214705135.jpg?token=eyJraWQiOiJzdG9yYWdlLXVybC1zaWduaW5nLWtleV9hMGI4MTEwOC05MjM2LTRmOGQtYWVmMC0xYmFjOWIwMGNmNjAiLCJhbGciOiJIUzI1NiJ9.eyJ1cmwiOiJpbWFnZXMvcHJvZHVjdHMvMC0xNzY1MjE0NzA1MTM1LmpwZyIsImlhdCI6MTc2NTIxNDcwNSwiZXhwIjoyMDgwNTc0NzA1fQ.y9P_NWHDMRspgsB4wzoN5ocjqg9Y6zcNmw2ozrLn12k
277,"Adidas Metalbone Carbon 2026",Adidas,padel,palas,0.8967,0.5033,0.8967,0.0500,0.0533,0.2467,0.2500,https://itllufoljyibrrzlwapm.supabase.co/storage/v1/object/sign/images/products/0-1765226011519.avif?token=eyJraWQiOiJzdG9yYWdlLXVybC1zaWduaW5nLWtleV9hMGI4MTEwOC05MjM2LTRmOGQtYWVmMC0xYmFjOWIwMGNmNjAiLCJhbGciOiJIUzI1NiJ9.eyJ1cmwiOiJpbWFnZXMvcHJvZHVjdHMvMC0xNzY1MjI2MDExNTE5LmF2aWYiLCJpYXQiOjE3NjUyMjYwMTEsImV4cCI6MjA4MDU4NjAxMX0.Rzm_RQaUvT897KYc65dyroFIS2bV27LKopMAtioeS1A
178,"Butterfly Pegamento Free Chack 20 ml",Butterfly,tenis-mesa,accesorios,0.9000,0.9000,0.8824,0.0520,0.0656,0.0520,0.0480,https://itllufoljyibrrzlwapm.supabase.co/storage/v1/object/sign/images/products/0-1753055099016.webp?token=eyJraWQiOiJzdG9yYWdlLXVybC1zaWduaW5nLWtleV9hMGI4MTEwOC05MjM2LTRmOGQtYWVmMC0xYmFjOWIwMGNmNjAiLCJhbGciOiJIUzI1NiJ9.eyJ1cmwiOiJpbWFnZXMvcHJvZHVjdHMvMC0xNzUzMDU1MDk5MDE2LndlYnAiLCJpYXQiOjE3NTMwNTUwOTksImV4cCI6MjA2ODQxNTA5OX0.fWzksz9c7JrIZx7V15k1YmaSCe-J1L-aDGqjOPuxel8
203,"Adidas Cross IT Carbon CTRL 3.4",Adidas,padel,palas,0.9000,0.5517,0.9000,0.0500,0.0500,0.1983,0.2500,https://itllufoljyibrrzlwapm.supabase.co/storage/v1/object/sign/images/products/0-1757381069906.jpg?token=eyJraWQiOiJzdG9yYWdlLXVybC1zaWduaW5nLWtleV9hMGI4MTEwOC05MjM2LTRmOGQtYWVmMC0xYmFjOWIwMGNmNjAiLCJhbGciOiJIUzI1NiJ9.eyJ1cmwiOiJpbWFnZXMvcHJvZHVjdHMvMC0xNzU3MzgxMDY5OTA2LmpwZyIsImlhdCI6MTc1NzM4MTA3MCwiZXhwIjoyMDcyNzQxMDcwfQ.dLJ4KN9sVs_DInRiPVP8sMVORfaJWfKsXMc2wIqBcAs
174,"Butterfly Toalla Dignics",Butterfly,tenis-mesa,accesorios,0.9013,0.9013,0.4507,0.2796,0.2697,0.0493,0.0493,https://itllufoljyibrrzlwapm.supabase.co/storage/v1/object/sign/images/products/174-1753054449857.jpg?token=eyJraWQiOiJzdG9yYWdlLXVybC1zaWduaW5nLWtleV9hMGI4MTEwOC05MjM2LTRmOGQtYWVmMC0xYmFjOWIwMGNmNjAiLCJhbGciOiJIUzI1NiJ9.eyJ1cmwiOiJpbWFnZXMvcHJvZHVjdHMvMTc0LTE3NTMwNTQ0NDk4NTcuanBnIiwiaWF0IjoxNzUzMDU0NDUwLCJleHAiOjIwNjg0MTQ0NTB9.f5aVySAyAK_NXAaVAt3o4CDZ02micAYdJq4VLXtoMmM
206,"Adidas Match Black 3.4",Adidas,padel,palas,0.9042,0.5433,0.9042,0.0475,0.0483,0.2175,0.2392,https://itllufoljyibrrzlwapm.supabase.co/storage/v1/object/sign/images/products/0-1757381406084.jpg?token=eyJraWQiOiJzdG9yYWdlLXVybC1zaWduaW5nLWtleV9hMGI4MTEwOC05MjM2LTRmOGQtYWVmMC0xYmFjOWIwMGNmNjAiLCJhbGciOiJIUzI1NiJ9.eyJ1cmwiOiJpbWFnZXMvcHJvZHVjdHMvMC0xNzU3MzgxNDA2MDg0LmpwZyIsImlhdCI6MTc1NzM4MTQwNiwiZXhwIjoyMDcyNzQxNDA2fQ.3k8C430NcAM2Jo8By7gBR2UkH8z1nVVJ1Lz2TQaj5QU
207,"Adidas Drive Grey 3.4",Adidas,padel,palas,0.9042,0.5683,0.9042,0.0483,0.0475,0.1967,0.2350,https://itllufoljyibrrzlwapm.supabase.co/storage/v1/object/sign/images/products/0-1757381479502.jpg?token=eyJraWQiOiJzdG9yYWdlLXVybC1zaWduaW5nLWtleV9hMGI4MTEwOC05MjM2LTRmOGQtYWVmMC0xYmFjOWIwMGNmNjAiLCJhbGciOiJIUzI1NiJ9.eyJ1cmwiOiJpbWFnZXMvcHJvZHVjdHMvMC0xNzU3MzgxNDc5NTAyLmpwZyIsImlhdCI6MTc1NzM4MTQ3OSwiZXhwIjoyMDcyNzQxNDc5fQ.Plp9g-PTZ34VuL0NBhyYzROeb8kJIY6YARkomWK4ctI
222,"Adidas Backpack Multigame Sand 3.3",Adidas,padel,palas,0.9042,0.8117,0.9042,0.0417,0.0542,0.1150,0.0733,https://itllufoljyibrrzlwapm.supabase.co/storage/v1/object/sign/images/products/0-1757717025114.jpg?token=eyJraWQiOiJzdG9yYWdlLXVybC1zaWduaW5nLWtleV9hMGI4MTEwOC05MjM2LTRmOGQtYWVmMC0xYmFjOWIwMGNmNjAiLCJhbGciOiJIUzI1NiJ9.eyJ1cmwiOiJpbWFnZXMvcHJvZHVjdHMvMC0xNzU3NzE3MDI1MTE0LmpwZyIsImlhdCI6MTc1NzcxNzAyNSwiZXhwIjoyMDczMDc3MDI1fQ.ykuVbfEBb4Xp4eSJcYmJH_GrwPToNOtKOLdTXe88dog
231,"Adidas Drive Black 3.4",Adidas,padel,palas,0.9042,0.5317,0.9042,0.0508,0.0450,0.2342,0.2342,https://itllufoljyibrrzlwapm.supabase.co/storage/v1/object/sign/images/products/0-1757898604669.jpg?token=eyJraWQiOiJzdG9yYWdlLXVybC1zaWduaW5nLWtleV9hMGI4MTEwOC05MjM2LTRmOGQtYWVmMC0xYmFjOWIwMGNmNjAiLCJhbGciOiJIUzI1NiJ9.eyJ1cmwiOiJpbWFnZXMvcHJvZHVjdHMvMC0xNzU3ODk4NjA0NjY5LmpwZyIsImlhdCI6MTc1Nzg5ODYwNSwiZXhwIjoyMDczMjU4NjA1fQ.SkCGyQghWNOLc-RZQhKUH7uv9qSdF2X88fFjGquvIz8
111,"Adidas Match Light 3.4 Blanco",Adidas,padel,palas,0.9050,0.5463,0.9050,0.0462,0.0488,0.2137,0.2400,https://itllufoljyibrrzlwapm.supabase.co/storage/v1/object/sign/images/products/111-1756680410973.jpg?token=eyJraWQiOiJzdG9yYWdlLXVybC1zaWduaW5nLWtleV9hMGI4MTEwOC05MjM2LTRmOGQtYWVmMC0xYmFjOWIwMGNmNjAiLCJhbGciOiJIUzI1NiJ9.eyJ1cmwiOiJpbWFnZXMvcHJvZHVjdHMvMTExLTE3NTY2ODA0MTA5NzMuanBnIiwiaWF0IjoxNzU2NjgwNDExLCJleHAiOjIwNzIwNDA0MTF9.dsDSSz8ixTa2j1DO4DAdrEnMjWItyral_Tl4t39Hkng
204,"Adidas Metalbone Team Light 3.4",Adidas,padel,palas,0.9058,0.5375,0.9058,0.0517,0.0425,0.2217,0.2408,https://itllufoljyibrrzlwapm.supabase.co/storage/v1/object/sign/images/products/204-1757381184428.jpg?token=eyJraWQiOiJzdG9yYWdlLXVybC1zaWduaW5nLWtleV9hMGI4MTEwOC05MjM2LTRmOGQtYWVmMC0xYmFjOWIwMGNmNjAiLCJhbGciOiJIUzI1NiJ9.eyJ1cmwiOiJpbWFnZXMvcHJvZHVjdHMvMjA0LTE3NTczODExODQ0MjguanBnIiwiaWF0IjoxNzU3MzgxMTg0LCJleHAiOjIwNzI3NDExODR9.6uiLfhdcEp-U4OCi-GegSMVy71T6kMXRwvOP0_8GkzQ
275,"Adidas Arrow Hit 2026",Adidas,padel,palas,0.9063,0.5844,0.9063,0.0469,0.0469,0.1688,0.2469,https://itllufoljyibrrzlwapm.supabase.co/storage/v1/object/sign/images/products/0-1765225572206.webp?token=eyJraWQiOiJzdG9yYWdlLXVybC1zaWduaW5nLWtleV9hMGI4MTEwOC05MjM2LTRmOGQtYWVmMC0xYmFjOWIwMGNmNjAiLCJhbGciOiJIUzI1NiJ9.eyJ1cmwiOiJpbWFnZXMvcHJvZHVjdHMvMC0xNzY1MjI1NTcyMjA2LndlYnAiLCJpYXQiOjE3NjUyMjU1NzIsImV4cCI6MjA4MDU4NTU3Mn0.1uT02CCiJqyMHKFb2-IdYULmsQNZYd2FRmITghxwUug
201,"Adidas Cross IT CTRL 3.4",Adidas,padel,palas,0.9067,0.5567,0.9067,0.0508,0.0425,0.1975,0.2458,https://itllufoljyibrrzlwapm.supabase.co/storage/v1/object/sign/images/products/0-1757352941967.jpg?token=eyJraWQiOiJzdG9yYWdlLXVybC1zaWduaW5nLWtleV9hMGI4MTEwOC05MjM2LTRmOGQtYWVmMC0xYmFjOWIwMGNmNjAiLCJhbGciOiJIUzI1NiJ9.eyJ1cmwiOiJpbWFnZXMvcHJvZHVjdHMvMC0xNzU3MzUyOTQxOTY3LmpwZyIsImlhdCI6MTc1NzM1Mjk0MiwiZXhwIjoyMDcyNzEyOTQyfQ.gkGt2deruMRxTDzF_NDpIBzz9fRl-vziXMAGbtC5StM
202,"Adidas Cross IT 3.4",Adidas,padel,palas,0.9067,0.5689,0.9067,0.0500,0.0433,0.1756,0.2556,https://itllufoljyibrrzlwapm.supabase.co/storage/v1/object/sign/images/products/0-1757353080022.jpg?token=eyJraWQiOiJzdG9yYWdlLXVybC1zaWduaW5nLWtleV9hMGI4MTEwOC05MjM2LTRmOGQtYWVmMC0xYmFjOWIwMGNmNjAiLCJhbGciOiJIUzI1NiJ9.eyJ1cmwiOiJpbWFnZXMvcHJvZHVjdHMvMC0xNzU3MzUzMDgwMDIyLmpwZyIsImlhdCI6MTc1NzM1MzA4MCwiZXhwIjoyMDcyNzEzMDgwfQ.M7oHr9EB0aplUzVGZGPM354uBXeZowILU4-T1zX5uwA
113,"Adidas Cross IT Team",Adidas,padel,palas,0.9075,0.5567,0.9075,0.0492,0.0433,0.2000,0.2433,https://itllufoljyibrrzlwapm.supabase.co/storage/v1/object/sign/images/products/0-1750731462805.jpg?token=eyJraWQiOiJzdG9yYWdlLXVybC1zaWduaW5nLWtleV9hMGI4MTEwOC05MjM2LTRmOGQtYWVmMC0xYmFjOWIwMGNmNjAiLCJhbGciOiJIUzI1NiJ9.eyJ1cmwiOiJpbWFnZXMvcHJvZHVjdHMvMC0xNzUwNzMxNDYyODA1LmpwZyIsImlhdCI6MTc1MDczMTQ2NCwiZXhwIjoyMDY2MDkxNDY0fQ.1qG_Wf6RY4DmlSqJ_Q-49cQdDi4WCroWUdrI4R8OV9o
200,"Adidas Cross IT Light 3.4",Adidas,padel,palas,0.9083,0.5383,0.9083,0.0525,0.0392,0.2158,0.2458,https://itllufoljyibrrzlwapm.supabase.co/storage/v1/object/sign/images/products/0-1757352744686.jpg?token=eyJraWQiOiJzdG9yYWdlLXVybC1zaWduaW5nLWtleV9hMGI4MTEwOC05MjM2LTRmOGQtYWVmMC0xYmFjOWIwMGNmNjAiLCJhbGciOiJIUzI1NiJ9.eyJ1cmwiOiJpbWFnZXMvcHJvZHVjdHMvMC0xNzU3MzUyNzQ0Njg2LmpwZyIsImlhdCI6MTc1NzM1Mjc0NSwiZXhwIjoyMDcyNzEyNzQ1fQ.xAWzDCthqeo5MKNHwLoKqWnXPX6nZMQDeKUjlX8Bmps
110,"Adidas Match Light 3.4 Azul",Adidas,padel,palas,0.9085,0.5447,0.9085,0.0467,0.0447,0.2114,0.2439,https://itllufoljyibrrzlwapm.supabase.co/storage/v1/object/sign/images/products/110-1750731273238.png?token=eyJraWQiOiJzdG9yYWdlLXVybC1zaWduaW5nLWtleV9hMGI4MTEwOC05MjM2LTRmOGQtYWVmMC0xYmFjOWIwMGNmNjAiLCJhbGciOiJIUzI1NiJ9.eyJ1cmwiOiJpbWFnZXMvcHJvZHVjdHMvMTEwLTE3NTA3MzEyNzMyMzgucG5nIiwiaWF0IjoxNzUwNzMxMjc0LCJleHAiOjIwNjYwOTEyNzR9.bHce6BNtjBkCpVijOCAD6jMutun3cZZcFcdnGXeW8CU
147,"Adidas Drive Light 3.4",Adidas,padel,pelotas,0.9092,0.5442,0.9092,0.0475,0.0433,0.2233,0.2325,https://itllufoljyibrrzlwapm.supabase.co/storage/v1/object/sign/images/products/0-1753050577319.jpg?token=eyJraWQiOiJzdG9yYWdlLXVybC1zaWduaW5nLWtleV9hMGI4MTEwOC05MjM2LTRmOGQtYWVmMC0xYmFjOWIwMGNmNjAiLCJhbGciOiJIUzI1NiJ9.eyJ1cmwiOiJpbWFnZXMvcHJvZHVjdHMvMC0xNzUzMDUwNTc3MzE5LmpwZyIsImlhdCI6MTc1MzA1MDU3NywiZXhwIjoyMDY4NDEwNTc3fQ.WVwAK1l-qC7s6X-XcWOLzg9ht4mxJ1sXfMBbIQB_vfc
205,"Adidas Cross IT Team Light 3.4",Adidas,padel,palas,0.9092,0.5433,0.9092,0.0525,0.0383,0.2158,0.2408,https://itllufoljyibrrzlwapm.supabase.co/storage/v1/object/sign/images/products/0-1757381298502.jpg?token=eyJraWQiOiJzdG9yYWdlLXVybC1zaWduaW5nLWtleV9hMGI4MTEwOC05MjM2LTRmOGQtYWVmMC0xYmFjOWIwMGNmNjAiLCJhbGciOiJIUzI1NiJ9.eyJ1cmwiOiJpbWFnZXMvcHJvZHVjdHMvMC0xNzU3MzgxMjk4NTAyLmpwZyIsImlhdCI6MTc1NzM4MTI5OCwiZXhwIjoyMDcyNzQxMjk4fQ.9-3LM1i6OER9hCPs4yU7V0bHAxcYcToDsxkhDpAklms
183,"Butterfly Pelotas 3 Estrellas",Butterfly,tenis-mesa,pelotas,0.9095,0.9080,0.9095,0.0453,0.0453,0.0460,0.0460,https://itllufoljyibrrzlwapm.supabase.co/storage/v1/object/sign/images/products/0-1753055787047.webp?token=eyJraWQiOiJzdG9yYWdlLXVybC1zaWduaW5nLWtleV9hMGI4MTEwOC05MjM2LTRmOGQtYWVmMC0xYmFjOWIwMGNmNjAiLCJhbGciOiJIUzI1NiJ9.eyJ1cmwiOiJpbWFnZXMvcHJvZHVjdHMvMC0xNzUzMDU1Nzg3MDQ3LndlYnAiLCJpYXQiOjE3NTMwNTU3ODcsImV4cCI6MjA2ODQxNTc4N30.__tB3gcxB2xUHyqb7t8xCbY8BAlA8IFpeGM-TaGm-ZE
120,"Butterfly Timo Boll ALC",Butterfly,tenis-mesa,paletas,0.9099,0.9099,0.9080,0.0460,0.0460,0.0462,0.0439,https://itllufoljyibrrzlwapm.supabase.co/storage/v1/object/sign/images/products/0-1750782792731.webp?token=eyJraWQiOiJzdG9yYWdlLXVybC1zaWduaW5nLWtleV9hMGI4MTEwOC05MjM2LTRmOGQtYWVmMC0xYmFjOWIwMGNmNjAiLCJhbGciOiJIUzI1NiJ9.eyJ1cmwiOiJpbWFnZXMvcHJvZHVjdHMvMC0xNzUwNzgyNzkyNzMxLndlYnAiLCJpYXQiOjE3NTA3ODI3OTQsImV4cCI6MjA2NjE0Mjc5NH0.ZAQUemUz4KO0ZdzukIrGpFIzPMhIIvGg_cjz5p3LpuA
194,"Adidas Metalbone HRD+ 3.4",Wilson,padel,pelotas,0.9100,0.6012,0.9100,0.0475,0.0425,0.1550,0.2437,https://itllufoljyibrrzlwapm.supabase.co/storage/v1/object/sign/images/products/0-1756672472567.jpg?token=eyJraWQiOiJzdG9yYWdlLXVybC1zaWduaW5nLWtleV9hMGI4MTEwOC05MjM2LTRmOGQtYWVmMC0xYmFjOWIwMGNmNjAiLCJhbGciOiJIUzI1NiJ9.eyJ1cmwiOiJpbWFnZXMvcHJvZHVjdHMvMC0xNzU2NjcyNDcyNTY3LmpwZyIsImlhdCI6MTc1NjY3MjQ3MiwiZXhwIjoyMDcyMDMyNDcyfQ.zoM8dvHrqnJaxQnKCRr3aAerjM8HfAOYXWl3Nxp-HJo
258,"Adidas Racket Bag Control 3.4 Color Naranja",Adidas,padel,bolsos,0.9100,0.5808,0.9100,0.0475,0.0425,0.2258,0.1933,https://itllufoljyibrrzlwapm.supabase.co/storage/v1/object/sign/images/products/0-1765214371904.jpg?token=eyJraWQiOiJzdG9yYWdlLXVybC1zaWduaW5nLWtleV9hMGI4MTEwOC05MjM2LTRmOGQtYWVmMC0xYmFjOWIwMGNmNjAiLCJhbGciOiJIUzI1NiJ9.eyJ1cmwiOiJpbWFnZXMvcHJvZHVjdHMvMC0xNzY1MjE0MzcxOTA0LmpwZyIsImlhdCI6MTc2NTIxNDM3MiwiZXhwIjoyMDgwNTc0MzcyfQ.x7qjiRd9_MIXZBv_FUXwm3wQilBT5BpyiUk5tWek--Q
252,"Adidas Racket Bag Protour 3.4 Color Negro",Adidas,padel,bolsos,0.9117,0.6992,0.9117,0.0383,0.0500,0.1483,0.1525,https://itllufoljyibrrzlwapm.supabase.co/storage/v1/object/sign/images/products/0-1765213978758.jpg?token=eyJraWQiOiJzdG9yYWdlLXVybC1zaWduaW5nLWtleV9hMGI4MTEwOC05MjM2LTRmOGQtYWVmMC0xYmFjOWIwMGNmNjAiLCJhbGciOiJIUzI1NiJ9.eyJ1cmwiOiJpbWFnZXMvcHJvZHVjdHMvMC0xNzY1MjEzOTc4NzU4LmpwZyIsImlhdCI6MTc2NTIxMzk3OSwiZXhwIjoyMDgwNTczOTc5fQ._bupukceM5FZl080LitM8tTh_zlS22M5-4kdLcpRR4w
132,"DHS 1030",DHS,tenis-mesa,paletas,0.9120,0.9120,0.9075,0.0473,0.0452,0.0440,0.0440,https://itllufoljyibrrzlwapm.supabase.co/storage/v1/object/sign/images/products/0-1750783903886.webp?token=eyJraWQiOiJzdG9yYWdlLXVybC1zaWduaW5nLWtleV9hMGI4MTEwOC05MjM2LTRmOGQtYWVmMC0xYmFjOWIwMGNmNjAiLCJhbGciOiJIUzI1NiJ9.eyJ1cmwiOiJpbWFnZXMvcHJvZHVjdHMvMC0xNzUwNzgzOTAzODg2LndlYnAiLCJpYXQiOjE3NTA3ODM5MDUsImV4cCI6MjA2NjE0MzkwNX0.41uxN5aCtzur_-q0ggrWjR6sCf2XeeCVx9vXiLlYS_k
160,"Butterfly Tenergy 05",Butterfly,tenis-mesa,gomas,0.9120,0.9112,0.9120,0.0440,0.0440,0.0444,0.0444,https://itllufoljyibrrzlwapm.supabase.co/storage/v1/object/sign/images/products/0-1753052974887.webp?token=eyJraWQiOiJzdG9yYWdlLXVybC1zaWduaW5nLWtleV9hMGI4MTEwOC05MjM2LTRmOGQtYWVmMC0xYmFjOWIwMGNmNjAiLCJhbGciOiJIUzI1NiJ9.eyJ1cmwiOiJpbWFnZXMvcHJvZHVjdHMvMC0xNzUzMDUyOTc0ODg3LndlYnAiLCJpYXQiOjE3NTMwNTI5NzUsImV4cCI6MjA2ODQxMjk3NX0.EDJieK8vdChySsZJeygd7x0Fu3gboHIRYE8t_JhlBZg
189,"Adidas Metalbone Team 3.4",Adidas,padel,palas,0.9120,0.5495,0.9120,0.0480,0.0400,0.2265,0.2240,https://itllufoljyibrrzlwapm.supabase.co/storage/v1/object/sign/images/products/0-1753835213578.jpg?token=eyJraWQiOiJzdG9yYWdlLXVybC1zaWduaW5nLWtleV9hMGI4MTEwOC05MjM2LTRmOGQtYWVmMC0xYmFjOWIwMGNmNjAiLCJhbGciOiJIUzI1NiJ9.eyJ1cmwiOiJpbWFnZXMvcHJvZHVjdHMvMC0xNzUzODM1MjEzNTc4LmpwZyIsImlhdCI6MTc1MzgzNTIxNCwiZXhwIjoyMDY5MTk1MjE0fQ.GZ14Ev8vvvMIoOUJ1ThYFSJa7-1cmeM22m3WIc_ExhY
230,"DHS Classics H1003",DHS,tenis-mesa,paletas,0.9125,0.8906,0.9125,0.0437,0.0437,0.0531,0.0563,https://itllufoljyibrrzlwapm.supabase.co/storage/v1/object/sign/images/products/0-1757720076998.webp?token=eyJraWQiOiJzdG9yYWdlLXVybC1zaWduaW5nLWtleV9hMGI4MTEwOC05MjM2LTRmOGQtYWVmMC0xYmFjOWIwMGNmNjAiLCJhbGciOiJIUzI1NiJ9.eyJ1cmwiOiJpbWFnZXMvcHJvZHVjdHMvMC0xNzU3NzIwMDc2OTk4LndlYnAiLCJpYXQiOjE3NTc3MjAwNzcsImV4cCI6MjA3MzA4MDA3N30.5rJwbe5WQw1JJGkI_xmw6WTqztJqHCIHmAhBVfFEvDs
154,"Adidas Antishock",Adidas,padel,accesorios,0.9135,0.9135,0.9080,0.0460,0.0460,0.0433,0.0433,https://itllufoljyibrrzlwapm.supabase.co/storage/v1/object/sign/images/products/0-1753051211217.webp?token=eyJraWQiOiJzdG9yYWdlLXVybC1zaWduaW5nLWtleV9hMGI4MTEwOC05MjM2LTRmOGQtYWVmMC0xYmFjOWIwMGNmNjAiLCJhbGciOiJIUzI1NiJ9.eyJ1cmwiOiJpbWFnZXMvcHJvZHVjdHMvMC0xNzUzMDUxMjExMjE3LndlYnAiLCJpYXQiOjE3NTMwNTEyMTEsImV4cCI6MjA2ODQxMTIxMX0.I7heNAYCFBKalrCImMEB9l4cgmYbhVGe6I0D4U5xa5w
193,"Adidas Metalbone 3.4",Wilson,padel,pelotas,0.9150,0.6008,0.9150,0.0308,0.0542,0.1625,0.2367,https://itllufoljyibrrzlwapm.supabase.co/storage/v1/object/sign/images/products/0-1756672366045.jpg?token=eyJraWQiOiJzdG9yYWdlLXVybC1zaWduaW5nLWtleV9hMGI4MTEwOC05MjM2LTRmOGQtYWVmMC0xYmFjOWIwMGNmNjAiLCJhbGciOiJIUzI1NiJ9.eyJ1cmwiOiJpbWFnZXMvcHJvZHVjdHMvMC0xNzU2NjcyMzY2MDQ1LmpwZyIsImlhdCI6MTc1NjY3MjM2NiwiZXhwIjoyMDcyMDMyMzY2fQ.O-41_rV5O5dWXxysh0Yomkhply0sf00A-FTqjjOybz0
190,"Wilson Vincha Blanca",Wilson,padel,palas,0.9154,0.9154,0.7431,0.1292,0.1277,0.0462,0.0385,https://itllufoljyibrrzlwapm.supabase.co/storage/v1/object/sign/images/products/0-1753928805398.jpg?token=eyJraWQiOiJzdG9yYWdlLXVybC1zaWduaW5nLWtleV9hMGI4MTEwOC05MjM2LTRmOGQtYWVmMC0xYmFjOWIwMGNmNjAiLCJhbGciOiJIUzI1NiJ9.eyJ1cmwiOiJpbWFnZXMvcHJvZHVjdHMvMC0xNzUzOTI4ODA1Mzk4LmpwZyIsImlhdCI6MTc1MzkyODgwNCwiZXhwIjoyMDY5Mjg4ODA0fQ.fR1owJJ9LPAswQnloofHlmHbzbIbuD0vkq2Lj8wATn0
112,"Adidas Adipower Junior 3.4",Adidas,padel,palas,0.9163,0.6112,0.9163,0.0350,0.0488,0.1525,0.2362,https://itllufoljyibrrzlwapm.supabase.co/storage/v1/object/sign/images/products/0-1750731386777.jpg?token=eyJraWQiOiJzdG9yYWdlLXVybC1zaWduaW5nLWtleV9hMGI4MTEwOC05MjM2LTRmOGQtYWVmMC0xYmFjOWIwMGNmNjAiLCJhbGciOiJIUzI1NiJ9.eyJ1cmwiOiJpbWFnZXMvcHJvZHVjdHMvMC0xNzUwNzMxMzg2Nzc3LmpwZyIsImlhdCI6MTc1MDczMTM4OCwiZXhwIjoyMDY2MDkxMzg4fQ.SoKaKeJy-jycsIk7yguPaxAugG2DPBxwicRf0AfXVdk
250,"Adidas Backpack Protour 3.4 Color Blanco",Adidas,padel,bolsos,0.9167,0.6150,0.9167,0.0392,0.0442,0.2167,0.1683,https://itllufoljyibrrzlwapm.supabase.co/storage/v1/object/sign/images/products/0-1765213830579.jpg?token=eyJraWQiOiJzdG9yYWdlLXVybC1zaWduaW5nLWtleV9hMGI4MTEwOC05MjM2LTRmOGQtYWVmMC0xYmFjOWIwMGNmNjAiLCJhbGciOiJIUzI1NiJ9.eyJ1cmwiOiJpbWFnZXMvcHJvZHVjdHMvMC0xNzY1MjEzODMwNTc5LmpwZyIsImlhdCI6MTc2NTIxMzgzMSwiZXhwIjoyMDgwNTczODMxfQ.bEE4Wowq2eIgIPHDXWlkKThKHuvHWUhVz2YZOIkSRpI
212,"Adidas Adipower Carbon Light 3.4",Adidas,padel,palas,0.9200,0.5317,0.9200,0.0325,0.0475,0.2242,0.2442,https://itllufoljyibrrzlwapm.supabase.co/storage/v1/object/sign/images/products/0-1757383080874.jpg?token=eyJraWQiOiJzdG9yYWdlLXVybC1zaWduaW5nLWtleV9hMGI4MTEwOC05MjM2LTRmOGQtYWVmMC0xYmFjOWIwMGNmNjAiLCJhbGciOiJIUzI1NiJ9.eyJ1cmwiOiJpbWFnZXMvcHJvZHVjdHMvMC0xNzU3MzgzMDgwODc0LmpwZyIsImlhdCI6MTc1NzM4MzA4MSwiZXhwIjoyMDcyNzQzMDgxfQ.H__w1ru_EaP4FiZA5SqZD4wYmKLIdvaYkKPxXsElpgc
296,"Overgrip Pro Lisos Wilson Blanco y Negro x3",Wilson,padel,accesorios,0.9200,0.8800,0.9200,0.0350,0.0450,0.0437,0.0762,https://itllufoljyibrrzlwapm.supabase.co/storage/v1/object/sign/images/products/296-1778686631176.webp?token=eyJraWQiOiJzdG9yYWdlLXVybC1zaWduaW5nLWtleV9hMGI4MTEwOC05MjM2LTRmOGQtYWVmMC0xYmFjOWIwMGNmNjAiLCJhbGciOiJIUzI1NiJ9.eyJ1cmwiOiJpbWFnZXMvcHJvZHVjdHMvMjk2LTE3Nzg2ODY2MzExNzYud2VicCIsImlhdCI6MTc3ODY4NjYzMSwiZXhwIjoyMDk0MDQ2NjMxfQ.WRjGDx-WeOVkhoA6opwRWyXFKSf-Uya7nF0-NxDknrM
221,"Adidas Backpack Multigame Blue 3.3",Adidas,padel,palas,0.9208,0.7650,0.9208,0.0283,0.0508,0.1417,0.0933,https://itllufoljyibrrzlwapm.supabase.co/storage/v1/object/sign/images/products/221-1757716987817.jpg?token=eyJraWQiOiJzdG9yYWdlLXVybC1zaWduaW5nLWtleV9hMGI4MTEwOC05MjM2LTRmOGQtYWVmMC0xYmFjOWIwMGNmNjAiLCJhbGciOiJIUzI1NiJ9.eyJ1cmwiOiJpbWFnZXMvcHJvZHVjdHMvMjIxLTE3NTc3MTY5ODc4MTcuanBnIiwiaWF0IjoxNzU3NzE2OTg4LCJleHAiOjIwNzMwNzY5ODh9.Ni2pks4y-eh0c6ULJv4eLnat47vYsvIBBk_I0zIeJMY
256,"Adidas Racket Bag Control 3.4 Color Azul",Adidas,padel,bolsos,0.9208,0.5667,0.9208,0.0400,0.0392,0.2175,0.2158,https://itllufoljyibrrzlwapm.supabase.co/storage/v1/object/sign/images/products/0-1765214280431.jpg?token=eyJraWQiOiJzdG9yYWdlLXVybC1zaWduaW5nLWtleV9hMGI4MTEwOC05MjM2LTRmOGQtYWVmMC0xYmFjOWIwMGNmNjAiLCJhbGciOiJIUzI1NiJ9.eyJ1cmwiOiJpbWFnZXMvcHJvZHVjdHMvMC0xNzY1MjE0MjgwNDMxLmpwZyIsImlhdCI6MTc2NTIxNDI4MCwiZXhwIjoyMDgwNTc0MjgwfQ.vVeSywLpdpBHMVF9NeIIQ2NSoGetL09ChC3XZIzWBfw
220,"Adidas Backpack Multigame Grey 3.3",Adidas,padel,bolsos,0.9217,0.7192,0.9217,0.0292,0.0492,0.1742,0.1067,https://itllufoljyibrrzlwapm.supabase.co/storage/v1/object/sign/images/products/0-1757716911924.jpg?token=eyJraWQiOiJzdG9yYWdlLXVybC1zaWduaW5nLWtleV9hMGI4MTEwOC05MjM2LTRmOGQtYWVmMC0xYmFjOWIwMGNmNjAiLCJhbGciOiJIUzI1NiJ9.eyJ1cmwiOiJpbWFnZXMvcHJvZHVjdHMvMC0xNzU3NzE2OTExOTI0LmpwZyIsImlhdCI6MTc1NzcxNjkxMiwiZXhwIjoyMDczMDc2OTEyfQ.OsI_p8sU8slCD7CwAoNP1DlDNJ3pWaH8WT-usmZJGvE
114,"Adidas Metalbone Carbon CTRL 3.4",Adidas,padel,palas,0.9225,0.5758,0.9225,0.0317,0.0458,0.1842,0.2400,https://itllufoljyibrrzlwapm.supabase.co/storage/v1/object/sign/images/products/0-1750731578745.jpg?token=eyJraWQiOiJzdG9yYWdlLXVybC1zaWduaW5nLWtleV9hMGI4MTEwOC05MjM2LTRmOGQtYWVmMC0xYmFjOWIwMGNmNjAiLCJhbGciOiJIUzI1NiJ9.eyJ1cmwiOiJpbWFnZXMvcHJvZHVjdHMvMC0xNzUwNzMxNTc4NzQ1LmpwZyIsImlhdCI6MTc1MDczMTU4MCwiZXhwIjoyMDY2MDkxNTgwfQ.LG2SaXF3kUWsraphizUlzpCZGP-SE21MB_ns0JiKj04
156,"Butterfly Primorac Carbon ",Butterfly,tenis-mesa,paletas,0.9225,0.8875,0.9225,0.0667,0.0108,0.0592,0.0533,https://itllufoljyibrrzlwapm.supabase.co/storage/v1/object/sign/images/products/0-1753052503182.jpg?token=eyJraWQiOiJzdG9yYWdlLXVybC1zaWduaW5nLWtleV9hMGI4MTEwOC05MjM2LTRmOGQtYWVmMC0xYmFjOWIwMGNmNjAiLCJhbGciOiJIUzI1NiJ9.eyJ1cmwiOiJpbWFnZXMvcHJvZHVjdHMvMC0xNzUzMDUyNTAzMTgyLmpwZyIsImlhdCI6MTc1MzA1MjUwMywiZXhwIjoyMDY4NDEyNTAzfQ.2fRkV-zp8Da8eI3uEhT3a6O5wg3PtndBqXZYItYUUG4
279,"Adidas Arrow Hit Carbon CTRL 2026",Adidas,padel,palas,0.9228,0.3780,0.9228,0.0386,0.0386,0.3110,0.3110,https://itllufoljyibrrzlwapm.supabase.co/storage/v1/object/sign/images/products/0-1765226284923.png?token=eyJraWQiOiJzdG9yYWdlLXVybC1zaWduaW5nLWtleV9hMGI4MTEwOC05MjM2LTRmOGQtYWVmMC0xYmFjOWIwMGNmNjAiLCJhbGciOiJIUzI1NiJ9.eyJ1cmwiOiJpbWFnZXMvcHJvZHVjdHMvMC0xNzY1MjI2Mjg0OTIzLnBuZyIsImlhdCI6MTc2NTIyNjI4NSwiZXhwIjoyMDgwNTg2Mjg1fQ.VRv_sB2JAz1m0I9fJZL538x2lHLXcynQs4kO6k94FX0
149,"Adidas Adipower Multiweight CTRL 3.4",Adidas,padel,palas,0.9258,0.5392,0.9258,0.0342,0.0400,0.2167,0.2442,https://itllufoljyibrrzlwapm.supabase.co/storage/v1/object/sign/images/products/0-1753050670864.jpg?token=eyJraWQiOiJzdG9yYWdlLXVybC1zaWduaW5nLWtleV9hMGI4MTEwOC05MjM2LTRmOGQtYWVmMC0xYmFjOWIwMGNmNjAiLCJhbGciOiJIUzI1NiJ9.eyJ1cmwiOiJpbWFnZXMvcHJvZHVjdHMvMC0xNzUzMDUwNjcwODY0LmpwZyIsImlhdCI6MTc1MzA1MDY3MSwiZXhwIjoyMDY4NDEwNjcxfQ.5EKX0yLOssTC3aeG6VzYp8CF6i0ZT2O4NGnW2Nu7PVw
229,"DHS Hurricane No. 6 SET",DHS,tenis-mesa,paletas,0.9278,0.9194,0.9278,0.0444,0.0278,0.0491,0.0315,https://itllufoljyibrrzlwapm.supabase.co/storage/v1/object/sign/images/products/0-1757719784769.webp?token=eyJraWQiOiJzdG9yYWdlLXVybC1zaWduaW5nLWtleV9hMGI4MTEwOC05MjM2LTRmOGQtYWVmMC0xYmFjOWIwMGNmNjAiLCJhbGciOiJIUzI1NiJ9.eyJ1cmwiOiJpbWFnZXMvcHJvZHVjdHMvMC0xNzU3NzE5Nzg0NzY5LndlYnAiLCJpYXQiOjE3NTc3MTk3ODUsImV4cCI6MjA3MzA3OTc4NX0.gHwIX99siHdhGYT_BCfSo5xfB0bbAmOA5NvXzLGGv1M
118,"Butterfly XTARS-V",Butterfly,tenis-mesa,paletas,0.9375,0.9092,0.9375,0.0533,0.0092,0.0375,0.0533,https://itllufoljyibrrzlwapm.supabase.co/storage/v1/object/sign/images/products/0-1750782683385.jpg?token=eyJraWQiOiJzdG9yYWdlLXVybC1zaWduaW5nLWtleV9hMGI4MTEwOC05MjM2LTRmOGQtYWVmMC0xYmFjOWIwMGNmNjAiLCJhbGciOiJIUzI1NiJ9.eyJ1cmwiOiJpbWFnZXMvcHJvZHVjdHMvMC0xNzUwNzgyNjgzMzg1LmpwZyIsImlhdCI6MTc1MDc4MjY4NSwiZXhwIjoyMDY2MTQyNjg1fQ.RrWd0JjLwb777p59CNAGosW9GHTGOp5XtgJoPEqBE1Q
119,"Butterfly Ovtcharov ALC",Butterfly,tenis-mesa,paletas,0.9408,0.9133,0.9408,0.0592,0.0000,0.0333,0.0533,https://itllufoljyibrrzlwapm.supabase.co/storage/v1/object/sign/images/products/0-1750782749857.jpg?token=eyJraWQiOiJzdG9yYWdlLXVybC1zaWduaW5nLWtleV9hMGI4MTEwOC05MjM2LTRmOGQtYWVmMC0xYmFjOWIwMGNmNjAiLCJhbGciOiJIUzI1NiJ9.eyJ1cmwiOiJpbWFnZXMvcHJvZHVjdHMvMC0xNzUwNzgyNzQ5ODU3LmpwZyIsImlhdCI6MTc1MDc4Mjc1MiwiZXhwIjoyMDY2MTQyNzUyfQ.fbcKgVzsxeAkDazr3QIjr1XEnoduiDuq_-dSKzgtc_g
187,"DHS CWC CARBON",DHS,tenis-mesa,paletas,0.9430,0.9327,0.9430,0.0443,0.0127,0.0351,0.0322,https://itllufoljyibrrzlwapm.supabase.co/storage/v1/object/sign/images/products/0-1753056975527.webp?token=eyJraWQiOiJzdG9yYWdlLXVybC1zaWduaW5nLWtleV9hMGI4MTEwOC05MjM2LTRmOGQtYWVmMC0xYmFjOWIwMGNmNjAiLCJhbGciOiJIUzI1NiJ9.eyJ1cmwiOiJpbWFnZXMvcHJvZHVjdHMvMC0xNzUzMDU2OTc1NTI3LndlYnAiLCJpYXQiOjE3NTMwNTY5NzUsImV4cCI6MjA2ODQxNjk3NX0.bIvD96CQgdde83k03ur4Opw_kBwLyJAuz68IMwrhC9Q
123,"Butterfly Viscaria ALC",Butterfly,tenis-mesa,paletas,0.9442,0.9400,0.9442,0.0558,0.0000,0.0000,0.0600,https://itllufoljyibrrzlwapm.supabase.co/storage/v1/object/sign/images/products/0-1750783028678.jpg?token=eyJraWQiOiJzdG9yYWdlLXVybC1zaWduaW5nLWtleV9hMGI4MTEwOC05MjM2LTRmOGQtYWVmMC0xYmFjOWIwMGNmNjAiLCJhbGciOiJIUzI1NiJ9.eyJ1cmwiOiJpbWFnZXMvcHJvZHVjdHMvMC0xNzUwNzgzMDI4Njc4LmpwZyIsImlhdCI6MTc1MDc4MzAzMCwiZXhwIjoyMDY2MTQzMDMwfQ.mPp0ot4bP486p6tsRCIkFY_cYgLE3bmi9_VlJt_iPIA
254,"Adidas Racket Bag Tour 3.4 Color Negro",Adidas,padel,bolsos,0.9475,0.9475,0.4850,0.2575,0.2575,0.0262,0.0262,https://itllufoljyibrrzlwapm.supabase.co/storage/v1/object/sign/images/products/254-1777233253925.jpg?token=eyJraWQiOiJzdG9yYWdlLXVybC1zaWduaW5nLWtleV9hMGI4MTEwOC05MjM2LTRmOGQtYWVmMC0xYmFjOWIwMGNmNjAiLCJhbGciOiJIUzI1NiJ9.eyJ1cmwiOiJpbWFnZXMvcHJvZHVjdHMvMjU0LTE3NzcyMzMyNTM5MjUuanBnIiwiaWF0IjoxNzc3MjMzMjU0LCJleHAiOjIwOTI1OTMyNTR9.msJ2ilrlWRnyd0Y8k0SGC2cr6T9G68dC28tJF7ATyPc
121,"Butterfly Fan Zhendong ALC",Butterfly,tenis-mesa,paletas,0.9492,0.9467,0.9492,0.0508,0.0000,0.0000,0.0533,https://itllufoljyibrrzlwapm.supabase.co/storage/v1/object/sign/images/products/0-1750782841829.jpg?token=eyJraWQiOiJzdG9yYWdlLXVybC1zaWduaW5nLWtleV9hMGI4MTEwOC05MjM2LTRmOGQtYWVmMC0xYmFjOWIwMGNmNjAiLCJhbGciOiJIUzI1NiJ9.eyJ1cmwiOiJpbWFnZXMvcHJvZHVjdHMvMC0xNzUwNzgyODQxODI5LmpwZyIsImlhdCI6MTc1MDc4Mjg0MywiZXhwIjoyMDY2MTQyODQzfQ.1cm00KoIWCXge8UXF-Do9N8ZcqYDo8QW5Ix_cLVOg4g
257,"Adidas Racket Bag Control 3.4 Color Verde",Adidas,padel,bolsos,0.9533,0.9533,0.6550,0.1733,0.1717,0.0242,0.0225,https://itllufoljyibrrzlwapm.supabase.co/storage/v1/object/sign/images/products/0-1765214328083.jpg?token=eyJraWQiOiJzdG9yYWdlLXVybC1zaWduaW5nLWtleV9hMGI4MTEwOC05MjM2LTRmOGQtYWVmMC0xYmFjOWIwMGNmNjAiLCJhbGciOiJIUzI1NiJ9.eyJ1cmwiOiJpbWFnZXMvcHJvZHVjdHMvMC0xNzY1MjE0MzI4MDgzLmpwZyIsImlhdCI6MTc2NTIxNDMyOCwiZXhwIjoyMDgwNTc0MzI4fQ.gX9mhvIwhJ06YW26_u-GIXrnfvM0z213tesAioEAZYc
182,"Butterfly Bolso Mustalight",Butterfly,tenis-mesa,accesorios,0.9567,0.9567,0.9567,0.0200,0.0233,0.0200,0.0233,https://itllufoljyibrrzlwapm.supabase.co/storage/v1/object/sign/images/products/0-1753055666437.webp?token=eyJraWQiOiJzdG9yYWdlLXVybC1zaWduaW5nLWtleV9hMGI4MTEwOC05MjM2LTRmOGQtYWVmMC0xYmFjOWIwMGNmNjAiLCJhbGciOiJIUzI1NiJ9.eyJ1cmwiOiJpbWFnZXMvcHJvZHVjdHMvMC0xNzUzMDU1NjY2NDM3LndlYnAiLCJpYXQiOjE3NTMwNTU2NjYsImV4cCI6MjA2ODQxNTY2Nn0.tm2KmVPO92ADtW8gTGk7xkpaXW12s7iFLj6Hf1KUpY0
186,"DHS Power G7 ",DHS,tenis-mesa,paletas,0.9568,0.9568,0.6478,0.1894,0.1628,0.0100,0.0332,https://itllufoljyibrrzlwapm.supabase.co/storage/v1/object/sign/images/products/0-1753056379223.webp?token=eyJraWQiOiJzdG9yYWdlLXVybC1zaWduaW5nLWtleV9hMGI4MTEwOC05MjM2LTRmOGQtYWVmMC0xYmFjOWIwMGNmNjAiLCJhbGciOiJIUzI1NiJ9.eyJ1cmwiOiJpbWFnZXMvcHJvZHVjdHMvMC0xNzUzMDU2Mzc5MjIzLndlYnAiLCJpYXQiOjE3NTMwNTYzNzksImV4cCI6MjA2ODQxNjM3OX0.CXgO_rQZmvPn1rP6P45k0UEUpe-KbuJA0lydjsiAI2s
283,"Adidas Metalbone Carbon CTRL 3.5 2026",Adidas,padel,palas,0.9600,0.6167,0.9600,0.0192,0.0208,0.1575,0.2258,https://itllufoljyibrrzlwapm.supabase.co/storage/v1/object/sign/images/products/0-1765228306555.jpg?token=eyJraWQiOiJzdG9yYWdlLXVybC1zaWduaW5nLWtleV9hMGI4MTEwOC05MjM2LTRmOGQtYWVmMC0xYmFjOWIwMGNmNjAiLCJhbGciOiJIUzI1NiJ9.eyJ1cmwiOiJpbWFnZXMvcHJvZHVjdHMvMC0xNzY1MjI4MzA2NTU1LmpwZyIsImlhdCI6MTc2NTIyODMwNywiZXhwIjoyMDgwNTg4MzA3fQ.QpvgNPgxw9bzqOx3rOqq1xEs6HJ6IseGnVKnCMjGmXw
173,"Butterfly Toalla Lasicle Grande",Butterfly,tenis-mesa,accesorios,0.9620,0.9620,0.9570,0.0220,0.0210,0.0260,0.0120,https://itllufoljyibrrzlwapm.supabase.co/storage/v1/object/sign/images/products/0-1753054290333.jpg?token=eyJraWQiOiJzdG9yYWdlLXVybC1zaWduaW5nLWtleV9hMGI4MTEwOC05MjM2LTRmOGQtYWVmMC0xYmFjOWIwMGNmNjAiLCJhbGciOiJIUzI1NiJ9.eyJ1cmwiOiJpbWFnZXMvcHJvZHVjdHMvMC0xNzUzMDU0MjkwMzMzLmpwZyIsImlhdCI6MTc1MzA1NDI5MCwiZXhwIjoyMDY4NDE0MjkwfQ.4izMS0mTD_MvrWfe-70qZoYRB0de52WQR9a8n3MbXpM
285,"Nox AT10 Luxury Genius Attack 18K Alum 2026",Nox,padel,palas,0.9629,0.6787,0.9629,0.0195,0.0176,0.0947,0.2266,https://itllufoljyibrrzlwapm.supabase.co/storage/v1/object/sign/images/products/0-1768003294972.webp?token=eyJraWQiOiJzdG9yYWdlLXVybC1zaWduaW5nLWtleV9hMGI4MTEwOC05MjM2LTRmOGQtYWVmMC0xYmFjOWIwMGNmNjAiLCJhbGciOiJIUzI1NiJ9.eyJ1cmwiOiJpbWFnZXMvcHJvZHVjdHMvMC0xNzY4MDAzMjk0OTcyLndlYnAiLCJpYXQiOjE3NjgwMDMyOTUsImV4cCI6MjA4MzM2MzI5NX0.B9PB0WqfgtGATD2ZYwIhJStmmJ_j8CmioCLWvWKUBJI
185,"Butterfly Paleta Completa 401 FL ",Butterfly,tenis-mesa,paletas,0.9650,0.9650,0.6817,0.1217,0.1967,0.0100,0.0250,https://itllufoljyibrrzlwapm.supabase.co/storage/v1/object/sign/images/products/0-1753056052871.avif?token=eyJraWQiOiJzdG9yYWdlLXVybC1zaWduaW5nLWtleV9hMGI4MTEwOC05MjM2LTRmOGQtYWVmMC0xYmFjOWIwMGNmNjAiLCJhbGciOiJIUzI1NiJ9.eyJ1cmwiOiJpbWFnZXMvcHJvZHVjdHMvMC0xNzUzMDU2MDUyODcxLmF2aWYiLCJpYXQiOjE3NTMwNTYwNTMsImV4cCI6MjA2ODQxNjA1M30.Hu_hFyeFXLCcE72c0SiNtKgkB4gd1dghKyKf43YUE6I
282,"Adidas Metalbone CTRL 3.5 2026",Adidas,padel,palas,0.9733,0.6200,0.9733,0.0150,0.0117,0.1433,0.2367,https://itllufoljyibrrzlwapm.supabase.co/storage/v1/object/sign/images/products/0-1765228228123.jpg?token=eyJraWQiOiJzdG9yYWdlLXVybC1zaWduaW5nLWtleV9hMGI4MTEwOC05MjM2LTRmOGQtYWVmMC0xYmFjOWIwMGNmNjAiLCJhbGciOiJIUzI1NiJ9.eyJ1cmwiOiJpbWFnZXMvcHJvZHVjdHMvMC0xNzY1MjI4MjI4MTIzLmpwZyIsImlhdCI6MTc2NTIyODIyOCwiZXhwIjoyMDgwNTg4MjI4fQ.elFOc81EYw8KiRczxBruoy1xk_UBZnTmXudRJAVDUDo
278,"Adidas Arrow Hit Carbon 2026",Adidas,padel,palas,0.9742,0.5483,0.9742,0.0150,0.0108,0.2200,0.2317,https://itllufoljyibrrzlwapm.supabase.co/storage/v1/object/sign/images/products/0-1765226158473.jpg?token=eyJraWQiOiJzdG9yYWdlLXVybC1zaWduaW5nLWtleV9hMGI4MTEwOC05MjM2LTRmOGQtYWVmMC0xYmFjOWIwMGNmNjAiLCJhbGciOiJIUzI1NiJ9.eyJ1cmwiOiJpbWFnZXMvcHJvZHVjdHMvMC0xNzY1MjI2MTU4NDczLmpwZyIsImlhdCI6MTc2NTIyNjE1OCwiZXhwIjoyMDgwNTg2MTU4fQ.vwRJ7H1WG2Ccxcc97GqhZXOmCFfX7YMoeM8mf_mDQWk
280,"Adidas Metalbone 3.5 2026",Adidas,padel,palas,0.9792,0.6367,0.9792,0.0133,0.0075,0.1333,0.2300,https://itllufoljyibrrzlwapm.supabase.co/storage/v1/object/sign/images/products/0-1765228043244.jpg?token=eyJraWQiOiJzdG9yYWdlLXVybC1zaWduaW5nLWtleV9hMGI4MTEwOC05MjM2LTRmOGQtYWVmMC0xYmFjOWIwMGNmNjAiLCJhbGciOiJIUzI1NiJ9.eyJ1cmwiOiJpbWFnZXMvcHJvZHVjdHMvMC0xNzY1MjI4MDQzMjQ0LmpwZyIsImlhdCI6MTc2NTIyODA0MywiZXhwIjoyMDgwNTg4MDQzfQ.GT7NE2k2brKUYePN8NzriOGPEH2_p5__af8-tQ0lzfQ
133,"DHS 3010",DHS,tenis-mesa,paletas,0.9800,0.9800,0.7120,0.0747,0.2133,0.0107,0.0093,https://itllufoljyibrrzlwapm.supabase.co/storage/v1/object/sign/images/products/0-1750783974638.webp?token=eyJraWQiOiJzdG9yYWdlLXVybC1zaWduaW5nLWtleV9hMGI4MTEwOC05MjM2LTRmOGQtYWVmMC0xYmFjOWIwMGNmNjAiLCJhbGciOiJIUzI1NiJ9.eyJ1cmwiOiJpbWFnZXMvcHJvZHVjdHMvMC0xNzUwNzgzOTc0NjM4LndlYnAiLCJpYXQiOjE3NTA3ODM5NzYsImV4cCI6MjA2NjE0Mzk3Nn0.j2h_b_FEIjmCteiPjcPbMWVy8ZrrNU1LB_Nw_MzqMgI
130,"DHS Hurricane III",DHS,tenis-mesa,gomas,0.9805,0.9805,0.9803,0.0098,0.0098,0.0098,0.0098,https://itllufoljyibrrzlwapm.supabase.co/storage/v1/object/sign/images/products/0-1750783677257.webp?token=eyJraWQiOiJzdG9yYWdlLXVybC1zaWduaW5nLWtleV9hMGI4MTEwOC05MjM2LTRmOGQtYWVmMC0xYmFjOWIwMGNmNjAiLCJhbGciOiJIUzI1NiJ9.eyJ1cmwiOiJpbWFnZXMvcHJvZHVjdHMvMC0xNzUwNzgzNjc3MjU3LndlYnAiLCJpYXQiOjE3NTA3ODM2NzksImV4cCI6MjA2NjE0MzY3OX0.SBUePNcJ7FADYZNUf_W6YGp4BxLs3UYrHdUWz52fInk
255,"Adidas BackPack ProTour 3.4 Color Negro",Adidas,padel,bolsos,0.9822,0.7244,0.9822,0.0044,0.0133,0.1378,0.1378,https://itllufoljyibrrzlwapm.supabase.co/storage/v1/object/sign/images/products/0-1765214210933.jpg?token=eyJraWQiOiJzdG9yYWdlLXVybC1zaWduaW5nLWtleV9hMGI4MTEwOC05MjM2LTRmOGQtYWVmMC0xYmFjOWIwMGNmNjAiLCJhbGciOiJIUzI1NiJ9.eyJ1cmwiOiJpbWFnZXMvcHJvZHVjdHMvMC0xNzY1MjE0MjEwOTMzLmpwZyIsImlhdCI6MTc2NTIxNDIxMSwiZXhwIjoyMDgwNTc0MjExfQ.Swmll-Kl_cI5M-NuOmzWHk7DHixjD2nn1CBns_rQnOA
151,"Wilson Overgrip Pro X12",Wilson,padel,accesorios,0.9823,0.9823,0.9144,0.0548,0.0308,0.0111,0.0066,https://itllufoljyibrrzlwapm.supabase.co/storage/v1/object/sign/images/products/0-1753050918231.jpg?token=eyJraWQiOiJzdG9yYWdlLXVybC1zaWduaW5nLWtleV9hMGI4MTEwOC05MjM2LTRmOGQtYWVmMC0xYmFjOWIwMGNmNjAiLCJhbGciOiJIUzI1NiJ9.eyJ1cmwiOiJpbWFnZXMvcHJvZHVjdHMvMC0xNzUzMDUwOTE4MjMxLmpwZyIsImlhdCI6MTc1MzA1MDkxOCwiZXhwIjoyMDY4NDEwOTE4fQ.v7thELSyECRbUaiDRnegJwXzLjX7TXnUW6fWKzBjV1Q
169,"Butterfly Estuche Logo Individual Azul",Butterfly,tenis-mesa,accesorios,0.9836,0.9836,0.6546,0.1743,0.1711,0.0066,0.0099,https://itllufoljyibrrzlwapm.supabase.co/storage/v1/object/sign/images/products/169-1753054954395.jpg?token=eyJraWQiOiJzdG9yYWdlLXVybC1zaWduaW5nLWtleV9hMGI4MTEwOC05MjM2LTRmOGQtYWVmMC0xYmFjOWIwMGNmNjAiLCJhbGciOiJIUzI1NiJ9.eyJ1cmwiOiJpbWFnZXMvcHJvZHVjdHMvMTY5LTE3NTMwNTQ5NTQzOTUuanBnIiwiaWF0IjoxNzUzMDU0OTU0LCJleHAiOjIwNjg0MTQ5NTR9.PvdJyfirC5zzRIeSMe2n0PJXrFRe-KMWTkyx-2nOUOs
295,"Overgrip Pro Wilson Lisos Colores x3",Wilson,padel,accesorios,0.9842,0.9442,0.9842,0.0092,0.0067,0.0300,0.0258,https://itllufoljyibrrzlwapm.supabase.co/storage/v1/object/sign/images/products/295-1778686347328.webp?token=eyJraWQiOiJzdG9yYWdlLXVybC1zaWduaW5nLWtleV9hMGI4MTEwOC05MjM2LTRmOGQtYWVmMC0xYmFjOWIwMGNmNjAiLCJhbGciOiJIUzI1NiJ9.eyJ1cmwiOiJpbWFnZXMvcHJvZHVjdHMvMjk1LTE3Nzg2ODYzNDczMjgud2VicCIsImlhdCI6MTc3ODY4NjM0NywiZXhwIjoyMDk0MDQ2MzQ3fQ.IVlU-MPW-zXpvdYVu9tLtSJWolVSqrTd2aRQTHA7T2U
281,"Adidas Metalbone HRD+ 3.5 2026",Adidas,padel,palas,0.9858,0.6275,0.9858,0.0142,0.0000,0.1458,0.2267,https://itllufoljyibrrzlwapm.supabase.co/storage/v1/object/sign/images/products/0-1765228145508.jpg?token=eyJraWQiOiJzdG9yYWdlLXVybC1zaWduaW5nLWtleV9hMGI4MTEwOC05MjM2LTRmOGQtYWVmMC0xYmFjOWIwMGNmNjAiLCJhbGciOiJIUzI1NiJ9.eyJ1cmwiOiJpbWFnZXMvcHJvZHVjdHMvMC0xNzY1MjI4MTQ1NTA4LmpwZyIsImlhdCI6MTc2NTIyODE0NSwiZXhwIjoyMDgwNTg4MTQ1fQ.v88oAoQIB_4ZLxrHrOJetIqh9jg61RaVfyQpaUGAqz4
284,"Nox AT10 Luxury Genius 12k Alum 2026",Nox,padel,palas,0.9900,0.6867,0.9900,0.0056,0.0044,0.1033,0.2100,https://itllufoljyibrrzlwapm.supabase.co/storage/v1/object/sign/images/products/0-1768003107816.webp?token=eyJraWQiOiJzdG9yYWdlLXVybC1zaWduaW5nLWtleV9hMGI4MTEwOC05MjM2LTRmOGQtYWVmMC0xYmFjOWIwMGNmNjAiLCJhbGciOiJIUzI1NiJ9.eyJ1cmwiOiJpbWFnZXMvcHJvZHVjdHMvMC0xNzY4MDAzMTA3ODE2LndlYnAiLCJpYXQiOjE3NjgwMDMxMDgsImV4cCI6MjA4MzM2MzEwOH0.S87bkWs-_zR5CUk-izLlZyCwK7uMU5saluWcHD-Vlss
172,"Butterfly Toalla Taoru",Butterfly,tenis-mesa,accesorios,0.9911,0.9911,0.9857,0.0000,0.0143,0.0000,0.0089,https://itllufoljyibrrzlwapm.supabase.co/storage/v1/object/sign/images/products/0-1753054147184.jpg?token=eyJraWQiOiJzdG9yYWdlLXVybC1zaWduaW5nLWtleV9hMGI4MTEwOC05MjM2LTRmOGQtYWVmMC0xYmFjOWIwMGNmNjAiLCJhbGciOiJIUzI1NiJ9.eyJ1cmwiOiJpbWFnZXMvcHJvZHVjdHMvMC0xNzUzMDU0MTQ3MTg0LmpwZyIsImlhdCI6MTc1MzA1NDE0NywiZXhwIjoyMDY4NDE0MTQ3fQ.UCTvcGPo6-_2oX9XIK40s5Nlhw_MiSAFeSdv6L5qh_0
180,"Butterfly Zapatillas Lezoline Levalis",Butterfly,tenis-mesa,ropa,0.9942,0.9925,0.9942,0.0042,0.0017,0.0050,0.0025,https://itllufoljyibrrzlwapm.supabase.co/storage/v1/object/sign/images/products/0-1753055346893.avif?token=eyJraWQiOiJzdG9yYWdlLXVybC1zaWduaW5nLWtleV9hMGI4MTEwOC05MjM2LTRmOGQtYWVmMC0xYmFjOWIwMGNmNjAiLCJhbGciOiJIUzI1NiJ9.eyJ1cmwiOiJpbWFnZXMvcHJvZHVjdHMvMC0xNzUzMDU1MzQ2ODkzLmF2aWYiLCJpYXQiOjE3NTMwNTUzNDcsImV4cCI6MjA2ODQxNTM0N30.sfQIVJ3xDh3_p7TLVXHIrzmNQB-Xw_oXcq0FVzTCj0A
228,"DHS Hurricane Long 5 Blade FL",DHS,tenis-mesa,paletas,0.9956,0.9956,0.9934,0.0033,0.0033,0.0022,0.0022,https://itllufoljyibrrzlwapm.supabase.co/storage/v1/object/sign/images/products/0-1757719656353.jpg?token=eyJraWQiOiJzdG9yYWdlLXVybC1zaWduaW5nLWtleV9hMGI4MTEwOC05MjM2LTRmOGQtYWVmMC0xYmFjOWIwMGNmNjAiLCJhbGciOiJIUzI1NiJ9.eyJ1cmwiOiJpbWFnZXMvcHJvZHVjdHMvMC0xNzU3NzE5NjU2MzUzLmpwZyIsImlhdCI6MTc1NzcxOTY1NiwiZXhwIjoyMDczMDc5NjU2fQ.MLoBMLdberU1tyFgqf5SIkog498yxV8D6D0Az6kdx6c
144,"Butterfly Lezoline Reiss",Butterfly,tenis-mesa,ropa,0.9960,0.9960,0.4640,0.2720,0.2640,0.0000,0.0040,https://itllufoljyibrrzlwapm.supabase.co/storage/v1/object/sign/images/products/0-1751321151650.jpg?token=eyJraWQiOiJzdG9yYWdlLXVybC1zaWduaW5nLWtleV9hMGI4MTEwOC05MjM2LTRmOGQtYWVmMC0xYmFjOWIwMGNmNjAiLCJhbGciOiJIUzI1NiJ9.eyJ1cmwiOiJpbWFnZXMvcHJvZHVjdHMvMC0xNzUxMzIxMTUxNjUwLmpwZyIsImlhdCI6MTc1MTMyMTE1MiwiZXhwIjoyMDY2NjgxMTUyfQ.iIV2_Ob6QUcBR0q_Zc2YYfraMe7Gq2Bgnq7wBp-GwzA
145,"Butterfly Lezoline Unizes II",Butterfly,tenis-mesa,ropa,0.9967,0.9908,0.9967,0.0025,0.0008,0.0042,0.0050,https://itllufoljyibrrzlwapm.supabase.co/storage/v1/object/sign/images/products/0-1751374173083.avif?token=eyJraWQiOiJzdG9yYWdlLXVybC1zaWduaW5nLWtleV9hMGI4MTEwOC05MjM2LTRmOGQtYWVmMC0xYmFjOWIwMGNmNjAiLCJhbGciOiJIUzI1NiJ9.eyJ1cmwiOiJpbWFnZXMvcHJvZHVjdHMvMC0xNzUxMzc0MTczMDgzLmF2aWYiLCJpYXQiOjE3NTEzNzQxNzMsImV4cCI6MjA2NjczNDE3M30.8hNBnlhmfJHjww8sKOs_xi58MijYPrUGE3YDHX3Viv4
176,"Butterfly Limpiador Slim Clean",Butterfly,tenis-mesa,accesorios,0.9967,0.2633,0.9967,0.0017,0.0017,0.3683,0.3683,https://itllufoljyibrrzlwapm.supabase.co/storage/v1/object/sign/images/products/0-1753054633219.avif?token=eyJraWQiOiJzdG9yYWdlLXVybC1zaWduaW5nLWtleV9hMGI4MTEwOC05MjM2LTRmOGQtYWVmMC0xYmFjOWIwMGNmNjAiLCJhbGciOiJIUzI1NiJ9.eyJ1cmwiOiJpbWFnZXMvcHJvZHVjdHMvMC0xNzUzMDU0NjMzMjE5LmF2aWYiLCJpYXQiOjE3NTMwNTQ2MzMsImV4cCI6MjA2ODQxNDYzM30.4zzttoN8cnBHIcErYoClR-fM7LBJNWx4naPuMw_F-bw
166,"Butterfly Estuche Tour ML",Butterfly,tenis-mesa,accesorios,0.9990,0.9320,0.9990,0.0010,0.0000,0.0350,0.0330,https://itllufoljyibrrzlwapm.supabase.co/storage/v1/object/sign/images/products/0-1753053524557.jpg?token=eyJraWQiOiJzdG9yYWdlLXVybC1zaWduaW5nLWtleV9hMGI4MTEwOC05MjM2LTRmOGQtYWVmMC0xYmFjOWIwMGNmNjAiLCJhbGciOiJIUzI1NiJ9.eyJ1cmwiOiJpbWFnZXMvcHJvZHVjdHMvMC0xNzUzMDUzNTI0NTU3LmpwZyIsImlhdCI6MTc1MzA1MzUyNCwiZXhwIjoyMDY4NDEzNTI0fQ.zrJ3wi29nn5pY93fExp_imopTZ1KeAhBAD9CwaozXpk
122,"Butterfly Timo Boll Spirit",Butterfly,tenis-mesa,paletas,1.0000,0.9700,1.0000,0.0000,0.0000,0.0150,0.0150,https://itllufoljyibrrzlwapm.supabase.co/storage/v1/object/sign/images/products/122-1756680461685.jpg?token=eyJraWQiOiJzdG9yYWdlLXVybC1zaWduaW5nLWtleV9hMGI4MTEwOC05MjM2LTRmOGQtYWVmMC0xYmFjOWIwMGNmNjAiLCJhbGciOiJIUzI1NiJ9.eyJ1cmwiOiJpbWFnZXMvcHJvZHVjdHMvMTIyLTE3NTY2ODA0NjE2ODUuanBnIiwiaWF0IjoxNzU2NjgwNDYxLCJleHAiOjIwNzIwNDA0NjF9.cHUh3Mieqii2k7uEv6KMU3thDtc7OQKlD3OkTZCJAR4
124,"Butterfly Dignics 05",Butterfly,tenis-mesa,gomas,1.0000,1.0000,1.0000,0.0000,0.0000,0.0000,0.0000,https://itllufoljyibrrzlwapm.supabase.co/storage/v1/object/sign/images/products/0-1750783090652.jpg?token=eyJraWQiOiJzdG9yYWdlLXVybC1zaWduaW5nLWtleV9hMGI4MTEwOC05MjM2LTRmOGQtYWVmMC0xYmFjOWIwMGNmNjAiLCJhbGciOiJIUzI1NiJ9.eyJ1cmwiOiJpbWFnZXMvcHJvZHVjdHMvMC0xNzUwNzgzMDkwNjUyLmpwZyIsImlhdCI6MTc1MDc4MzA5MiwiZXhwIjoyMDY2MTQzMDkyfQ.8-AbgsXiWmk7H1_mEFaA_vu4Xk_64u4vZY5I7QnRLHU
125,"Butterfly Dignics 80",Butterfly,tenis-mesa,gomas,1.0000,1.0000,1.0000,0.0000,0.0000,0.0000,0.0000,https://itllufoljyibrrzlwapm.supabase.co/storage/v1/object/sign/images/products/0-1750783173418.jpg?token=eyJraWQiOiJzdG9yYWdlLXVybC1zaWduaW5nLWtleV9hMGI4MTEwOC05MjM2LTRmOGQtYWVmMC0xYmFjOWIwMGNmNjAiLCJhbGciOiJIUzI1NiJ9.eyJ1cmwiOiJpbWFnZXMvcHJvZHVjdHMvMC0xNzUwNzgzMTczNDE4LmpwZyIsImlhdCI6MTc1MDc4MzE3NSwiZXhwIjoyMDY2MTQzMTc1fQ.3cQQkYi3YEQ2YbZbh57m5Svo17FoGPAvsxKJ0hOxqhg
126,"Butterfly Dignics 09C",Butterfly,tenis-mesa,gomas,1.0000,1.0000,1.0000,0.0000,0.0000,0.0000,0.0000,https://itllufoljyibrrzlwapm.supabase.co/storage/v1/object/sign/images/products/0-1750783228364.jpg?token=eyJraWQiOiJzdG9yYWdlLXVybC1zaWduaW5nLWtleV9hMGI4MTEwOC05MjM2LTRmOGQtYWVmMC0xYmFjOWIwMGNmNjAiLCJhbGciOiJIUzI1NiJ9.eyJ1cmwiOiJpbWFnZXMvcHJvZHVjdHMvMC0xNzUwNzgzMjI4MzY0LmpwZyIsImlhdCI6MTc1MDc4MzIzMCwiZXhwIjoyMDY2MTQzMjMwfQ.vb0cGHRgF3PfKTRtX6kTe1-k_OkBqzcgPLHjHlC9oek
127,"Butterfly Rozena",Butterfly,tenis-mesa,gomas,1.0000,1.0000,1.0000,0.0000,0.0000,0.0000,0.0000,https://itllufoljyibrrzlwapm.supabase.co/storage/v1/object/sign/images/products/0-1750783310283.jpg?token=eyJraWQiOiJzdG9yYWdlLXVybC1zaWduaW5nLWtleV9hMGI4MTEwOC05MjM2LTRmOGQtYWVmMC0xYmFjOWIwMGNmNjAiLCJhbGciOiJIUzI1NiJ9.eyJ1cmwiOiJpbWFnZXMvcHJvZHVjdHMvMC0xNzUwNzgzMzEwMjgzLmpwZyIsImlhdCI6MTc1MDc4MzMxMiwiZXhwIjoyMDY2MTQzMzEyfQ.Vo35Qwfiuovm0n3mRIK-XMEBbs6B70Kz-M_1KfMmLoU
129,"DHS PF4",DHS,tenis-mesa,gomas,1.0000,1.0000,1.0000,0.0000,0.0000,0.0000,0.0000,https://itllufoljyibrrzlwapm.supabase.co/storage/v1/object/sign/images/products/0-1750783605838.jpg?token=eyJraWQiOiJzdG9yYWdlLXVybC1zaWduaW5nLWtleV9hMGI4MTEwOC05MjM2LTRmOGQtYWVmMC0xYmFjOWIwMGNmNjAiLCJhbGciOiJIUzI1NiJ9.eyJ1cmwiOiJpbWFnZXMvcHJvZHVjdHMvMC0xNzUwNzgzNjA1ODM4LmpwZyIsImlhdCI6MTc1MDc4MzYwNywiZXhwIjoyMDY2MTQzNjA3fQ.NT3M1iWmLV-K9MPysfI6ny_koHQgsyyjFyO-NHtQyRk
131,"DHS Skyline TG",DHS,tenis-mesa,gomas,1.0000,1.0000,1.0000,0.0000,0.0000,0.0000,0.0000,https://itllufoljyibrrzlwapm.supabase.co/storage/v1/object/sign/images/products/0-1750783726120.jpg?token=eyJraWQiOiJzdG9yYWdlLXVybC1zaWduaW5nLWtleV9hMGI4MTEwOC05MjM2LTRmOGQtYWVmMC0xYmFjOWIwMGNmNjAiLCJhbGciOiJIUzI1NiJ9.eyJ1cmwiOiJpbWFnZXMvcHJvZHVjdHMvMC0xNzUwNzgzNzI2MTIwLmpwZyIsImlhdCI6MTc1MDc4MzcyNywiZXhwIjoyMDY2MTQzNzI3fQ.lBwHFHzbjbxv07vO0eSll4BsmbBcX38D6AUppaPjKGY
159,"Butterfly Tenergy 64",Butterfly,tenis-mesa,gomas,1.0000,1.0000,1.0000,0.0000,0.0000,0.0000,0.0000,https://itllufoljyibrrzlwapm.supabase.co/storage/v1/object/sign/images/products/0-1753052841200.png?token=eyJraWQiOiJzdG9yYWdlLXVybC1zaWduaW5nLWtleV9hMGI4MTEwOC05MjM2LTRmOGQtYWVmMC0xYmFjOWIwMGNmNjAiLCJhbGciOiJIUzI1NiJ9.eyJ1cmwiOiJpbWFnZXMvcHJvZHVjdHMvMC0xNzUzMDUyODQxMjAwLnBuZyIsImlhdCI6MTc1MzA1Mjg0MSwiZXhwIjoyMDY4NDEyODQxfQ.XRL2imVQa7Y2pbzxOip5vngslNYdTyD3KKm3FC67pms
161,"Butterfly Tenergy 05 Hard",Butterfly,tenis-mesa,gomas,1.0000,1.0000,1.0000,0.0000,0.0000,0.0000,0.0000,https://itllufoljyibrrzlwapm.supabase.co/storage/v1/object/sign/images/products/0-1753053062038.jpg?token=eyJraWQiOiJzdG9yYWdlLXVybC1zaWduaW5nLWtleV9hMGI4MTEwOC05MjM2LTRmOGQtYWVmMC0xYmFjOWIwMGNmNjAiLCJhbGciOiJIUzI1NiJ9.eyJ1cmwiOiJpbWFnZXMvcHJvZHVjdHMvMC0xNzUzMDUzMDYyMDM4LmpwZyIsImlhdCI6MTc1MzA1MzA2MiwiZXhwIjoyMDY4NDEzMDYyfQ.T4pOvbRtDBf8JSs57PpNmUfAOn9nwoFFvf-k6NFKf9k
162,"Butterfly Tenergy 80",Butterfly,tenis-mesa,gomas,1.0000,1.0000,1.0000,0.0000,0.0000,0.0000,0.0000,https://itllufoljyibrrzlwapm.supabase.co/storage/v1/object/sign/images/products/0-1753053124385.jpg?token=eyJraWQiOiJzdG9yYWdlLXVybC1zaWduaW5nLWtleV9hMGI4MTEwOC05MjM2LTRmOGQtYWVmMC0xYmFjOWIwMGNmNjAiLCJhbGciOiJIUzI1NiJ9.eyJ1cmwiOiJpbWFnZXMvcHJvZHVjdHMvMC0xNzUzMDUzMTI0Mzg1LmpwZyIsImlhdCI6MTc1MzA1MzEyNCwiZXhwIjoyMDY4NDEzMTI0fQ.6Ok_Mc8iyX0QS4O4nCZFk-9AJx85BqCxEKzIIzw5z8M
163,"Butterfly Feint Long II",Butterfly,tenis-mesa,gomas,1.0000,1.0000,1.0000,0.0000,0.0000,0.0000,0.0000,https://itllufoljyibrrzlwapm.supabase.co/storage/v1/object/sign/images/products/0-1753053225734.webp?token=eyJraWQiOiJzdG9yYWdlLXVybC1zaWduaW5nLWtleV9hMGI4MTEwOC05MjM2LTRmOGQtYWVmMC0xYmFjOWIwMGNmNjAiLCJhbGciOiJIUzI1NiJ9.eyJ1cmwiOiJpbWFnZXMvcHJvZHVjdHMvMC0xNzUzMDUzMjI1NzM0LndlYnAiLCJpYXQiOjE3NTMwNTMyMjYsImV4cCI6MjA2ODQxMzIyNn0.8lQ8clp8VVChfpKwU11_5cgy849bzOG7MmFEtJuXiwI
164,"Butterfly Feint Long III",Butterfly,tenis-mesa,gomas,1.0000,1.0000,1.0000,0.0000,0.0000,0.0000,0.0000,https://itllufoljyibrrzlwapm.supabase.co/storage/v1/object/sign/images/products/0-1753053304270.jpg?token=eyJraWQiOiJzdG9yYWdlLXVybC1zaWduaW5nLWtleV9hMGI4MTEwOC05MjM2LTRmOGQtYWVmMC0xYmFjOWIwMGNmNjAiLCJhbGciOiJIUzI1NiJ9.eyJ1cmwiOiJpbWFnZXMvcHJvZHVjdHMvMC0xNzUzMDUzMzA0MjcwLmpwZyIsImlhdCI6MTc1MzA1MzMwNCwiZXhwIjoyMDY4NDEzMzA0fQ.pLT4R0LWl1Ic9xfmdx_OZqcXds6utMJdJct7y9TuOoQ
167,"Butterfly Estuche Tour GR",Butterfly,tenis-mesa,accesorios,1.0000,1.0000,1.0000,0.0000,0.0000,0.0000,0.0000,https://itllufoljyibrrzlwapm.supabase.co/storage/v1/object/sign/images/products/0-1753053632742.avif?token=eyJraWQiOiJzdG9yYWdlLXVybC1zaWduaW5nLWtleV9hMGI4MTEwOC05MjM2LTRmOGQtYWVmMC0xYmFjOWIwMGNmNjAiLCJhbGciOiJIUzI1NiJ9.eyJ1cmwiOiJpbWFnZXMvcHJvZHVjdHMvMC0xNzUzMDUzNjMyNzQyLmF2aWYiLCJpYXQiOjE3NTMwNTM2MzIsImV4cCI6MjA2ODQxMzYzMn0.wQDBjhG7XFKBIqzC8NxfeAV3Q1MiS8Bagkl1o-C-TVw
171,"Butterfly Vincha",Butterfly,tenis-mesa,ropa,1.0000,1.0000,0.8020,0.0950,0.1030,0.0000,0.0000,https://itllufoljyibrrzlwapm.supabase.co/storage/v1/object/sign/images/products/0-1753054047737.jpg?token=eyJraWQiOiJzdG9yYWdlLXVybC1zaWduaW5nLWtleV9hMGI4MTEwOC05MjM2LTRmOGQtYWVmMC0xYmFjOWIwMGNmNjAiLCJhbGciOiJIUzI1NiJ9.eyJ1cmwiOiJpbWFnZXMvcHJvZHVjdHMvMC0xNzUzMDU0MDQ3NzM3LmpwZyIsImlhdCI6MTc1MzA1NDA0OCwiZXhwIjoyMDY4NDE0MDQ4fQ.UALqrWo9enVW-XqSJhCIE5fx00TzchIEpRa1qOug1IM
175,"Butterfly Toalla Lasicle chica para mano",Butterfly,tenis-mesa,accesorios,1.0000,1.0000,1.0000,0.0000,0.0000,0.0000,0.0000,https://itllufoljyibrrzlwapm.supabase.co/storage/v1/object/sign/images/products/0-1753054514067.jpg?token=eyJraWQiOiJzdG9yYWdlLXVybC1zaWduaW5nLWtleV9hMGI4MTEwOC05MjM2LTRmOGQtYWVmMC0xYmFjOWIwMGNmNjAiLCJhbGciOiJIUzI1NiJ9.eyJ1cmwiOiJpbWFnZXMvcHJvZHVjdHMvMC0xNzUzMDU0NTE0MDY3LmpwZyIsImlhdCI6MTc1MzA1NDUxNCwiZXhwIjoyMDY4NDE0NTE0fQ.0ojT1reKFcWKnA9ajFBlePdKsovY3-5GIWFbT6OB58I
177,"Butterfly Limpiador Spin Refresh Kit",Butterfly,tenis-mesa,accesorios,1.0000,1.0000,1.0000,0.0000,0.0000,0.0000,0.0000,https://itllufoljyibrrzlwapm.supabase.co/storage/v1/object/sign/images/products/0-1753054852350.jpg?token=eyJraWQiOiJzdG9yYWdlLXVybC1zaWduaW5nLWtleV9hMGI4MTEwOC05MjM2LTRmOGQtYWVmMC0xYmFjOWIwMGNmNjAiLCJhbGciOiJIUzI1NiJ9.eyJ1cmwiOiJpbWFnZXMvcHJvZHVjdHMvMC0xNzUzMDU0ODUyMzUwLmpwZyIsImlhdCI6MTc1MzA1NDg1MiwiZXhwIjoyMDY4NDE0ODUyfQ.gwU51lStCxFgfPmJRqXVaiFcK0mmyuumy4lYlAuajBs
181,"Butterfly Mochila Rafines",Butterfly,tenis-mesa,accesorios,1.0000,0.7000,1.0000,0.0000,0.0000,0.1514,0.1486,https://itllufoljyibrrzlwapm.supabase.co/storage/v1/object/sign/images/products/0-1753055543753.jpg?token=eyJraWQiOiJzdG9yYWdlLXVybC1zaWduaW5nLWtleV9hMGI4MTEwOC05MjM2LTRmOGQtYWVmMC0xYmFjOWIwMGNmNjAiLCJhbGciOiJIUzI1NiJ9.eyJ1cmwiOiJpbWFnZXMvcHJvZHVjdHMvMC0xNzUzMDU1NTQzNzUzLmpwZyIsImlhdCI6MTc1MzA1NTU0NCwiZXhwIjoyMDY4NDE1NTQ0fQ.Xp_F2S1UWuNsmugK448HQ2hz0LW2YQfAjEEK0KlcQmQ
191,"Adidas Vincha Negra",Adidas,padel,ropa,1.0000,1.0000,1.0000,0.0000,0.0000,0.0000,0.0000,https://itllufoljyibrrzlwapm.supabase.co/storage/v1/object/sign/images/products/0-1753929015309.avif?token=eyJraWQiOiJzdG9yYWdlLXVybC1zaWduaW5nLWtleV9hMGI4MTEwOC05MjM2LTRmOGQtYWVmMC0xYmFjOWIwMGNmNjAiLCJhbGciOiJIUzI1NiJ9.eyJ1cmwiOiJpbWFnZXMvcHJvZHVjdHMvMC0xNzUzOTI5MDE1MzA5LmF2aWYiLCJpYXQiOjE3NTM5MjkwMTQsImV4cCI6MjA2OTI4OTAxNH0._hmmbJD9rLVHUYG0MBUHjmdT2j36Z38VomWEuhXTmuA
197,"Adidas Cross It Pro EDT 2025",Adidas,padel,palas,1.0000,0.6763,1.0000,0.0000,0.0000,0.1600,0.1638,https://itllufoljyibrrzlwapm.supabase.co/storage/v1/object/sign/images/products/197-1777231267420.png?token=eyJraWQiOiJzdG9yYWdlLXVybC1zaWduaW5nLWtleV9hMGI4MTEwOC05MjM2LTRmOGQtYWVmMC0xYmFjOWIwMGNmNjAiLCJhbGciOiJIUzI1NiJ9.eyJ1cmwiOiJpbWFnZXMvcHJvZHVjdHMvMTk3LTE3NzcyMzEyNjc0MjAucG5nIiwiaWF0IjoxNzc3MjMxMjY3LCJleHAiOjIwOTI1OTEyNjd9.hyc9Fsl3njilDtpOF1iBjZrLeyelgbP-wEGq4tmFB4w
293,"Wilson Caramelera ULTRA x60",Wilson,padel,palas,1.0000,0.9425,1.0000,0.0000,0.0000,0.0275,0.0300,https://itllufoljyibrrzlwapm.supabase.co/storage/v1/object/sign/images/products/0-1778684544921.png?token=eyJraWQiOiJzdG9yYWdlLXVybC1zaWduaW5nLWtleV9hMGI4MTEwOC05MjM2LTRmOGQtYWVmMC0xYmFjOWIwMGNmNjAiLCJhbGciOiJIUzI1NiJ9.eyJ1cmwiOiJpbWFnZXMvcHJvZHVjdHMvMC0xNzc4Njg0NTQ0OTIxLnBuZyIsImlhdCI6MTc3ODY4NDU0NSwiZXhwIjoyMDk0MDQ0NTQ1fQ.Zlpu4huKn3xfmCP0ntKujTIb_V1KrjyM7o7e1GLYUdE